[{"model": "resources.resource", "pk": 1, "fields": {"location_type": "fixed", "name": "Kitara 1", "space": 1, "buffer_time_before": null, "buffer_time_after": null}}, {"model": "resources.resource", "pk": 2, "fields": {"location_type": "fixed", "name": "Basso 1", "space": 1, "buffer_time_before": null, "buffer_time_after": null}}, {"model": "spaces.district", "pk": 1, "fields": {"district_type": "district", "name": "T\u00f6\u00f6l\u00f6", "parent": null, "lft": 1, "rght": 2, "tree_id": 1, "level": 0}}, {"model": "spaces.district", "pk": 2, "fields": {"district_type": "district", "name": "Keskusta", "parent": null, "lft": 1, "rght": 2, "tree_id": 2, "level": 0}}, {"model": "spaces.district", "pk": 3, "fields": {"district_type": "district", "name": "Lepp\u00e4vaara", "parent": null, "lft": 1, "rght": 8, "tree_id": 3, "level": 0}}, {"model": "spaces.district", "pk": 4, "fields": {"district_type": "sub_district", "name": "Perkkaa", "parent": 3, "lft": 2, "rght": 3, "tree_id": 3, "level": 1}}, {"model": "spaces.district", "pk": 5, "fields": {"district_type": "sub_district", "name": "Vermonniitty", "parent": 3, "lft": 4, "rght": 5, "tree_id": 3, "level": 1}}, {"model": "spaces.district", "pk": 6, "fields": {"district_type": "sub_district", "name": "Sello", "parent": 3, "lft": 6, "rght": 7, "tree_id": 3, "level": 1}}, {"model": "spaces.building", "pk": 1, "fields": {"name": "Fredriksbergin 2-talo", "district": null, "real_estate": null, "surface_area": null}}, {"model": "spaces.building", "pk": 2, "fields": {"name": "T\u00f6\u00f6l\u00f6n kirjasto", "district": 1, "real_estate": null, "surface_area": null}}, {"model": "spaces.building", "pk": 3, "fields": {"name": "Oodin kirjasto", "district": 2, "real_estate": null, "surface_area": null}}, {"model": "spaces.space", "pk": 1, "fields": {"name": "Studiokompleksi", "parent": null, "district": 2, "building": 3, "surface_area": null, "max_persons": 20, "lft": 1, "rght": 10, "tree_id": 1, "level": 0}}, {"model": "spaces.space", "pk": 2, "fields": {"name": "Mika Waltari sali", "parent": null, "district": null, "building": 2, "surface_area": null, "max_persons": null, "lft": 1, "rght": 8, "tree_id": 2, "level": 0}}, {"model": "spaces.space", "pk": 3, "fields": {"name": "Fredriksbergin 2-talon aula", "parent": null, "district": null, "building": 1, "surface_area": null, "max_persons": null, "lft": 1, "rght": 4, "tree_id": 3, "level": 0}}, {"model": "spaces.space", "pk": 4, "fields": {"name": "Studiohuone 1", "parent": 1, "district": null, "building": 3, "surface_area": null, "max_persons": 33, "lft": 4, "rght": 5, "tree_id": 1, "level": 1}}, {"model": "spaces.space", "pk": 5, "fields": {"name": "Studiohuone 2", "parent": 1, "district": null, "building": 3, "surface_area": null, "max_persons": null, "lft": 2, "rght": 3, "tree_id": 1, "level": 1}}, {"model": "spaces.space", "pk": 6, "fields": {"name": "Studiohuone 3", "parent": 1, "district": null, "building": 3, "surface_area": null, "max_persons": null, "lft": 6, "rght": 7, "tree_id": 1, "level": 1}}, {"model": "spaces.space", "pk": 7, "fields": {"name": "Mika Waltari sali osa 1", "parent": 2, "district": null, "building": 2, "surface_area": null, "max_persons": null, "lft": 2, "rght": 3, "tree_id": 2, "level": 1}}, {"model": "spaces.space", "pk": 8, "fields": {"name": "Mika Waltari sali osa 2", "parent": 2, "district": null, "building": 2, "surface_area": null, "max_persons": null, "lft": 4, "rght": 5, "tree_id": 2, "level": 1}}, {"model": "spaces.space", "pk": 9, "fields": {"name": "Mika Waltari sali osa 3", "parent": 2, "district": null, "building": 2, "surface_area": null, "max_persons": null, "lft": 6, "rght": 7, "tree_id": 2, "level": 1}}, {"model": "spaces.space", "pk": 10, "fields": {"name": "Fredriksbergin 2-talon aula", "parent": 3, "district": null, "building": 1, "surface_area": null, "max_persons": null, "lft": 2, "rght": 3, "tree_id": 3, "level": 1}}, {"model": "spaces.space", "pk": 34, "fields": {"name": "Studiohuone 4", "parent": 1, "district": null, "building": 3, "surface_area": null, "max_persons": null, "lft": 8, "rght": 9, "tree_id": 1, "level": 1}}, {"model": "spaces.location", "pk": 1, "fields": {"address_street": "Jokukatu 5", "address_zip": "02600", "address_city": "Helsinki", "space": 1, "building": null, "real_estate": null}}, {"model": "services.service", "pk": 1, "fields": {"name": "P\u00f6ytien konfigurointi", "service_type": "configuration", "buffer_time_before": "01:00:00", "buffer_time_after": "01:00:00"}}, {"model": "services.service", "pk": 2, "fields": {"name": "Perehdytys studion k\u00e4ytt\u00e4miseen", "service_type": "introduction", "buffer_time_before": null, "buffer_time_after": null}}, {"model": "reservation_units.reservationunittype", "pk": 1, "fields": {"name": "\u00c4\u00e4nitysstudio"}}, {"model": "reservation_units.reservationunittype", "pk": 2, "fields": {"name": "Kokoustila"}}, {"model": "reservation_units.reservationunit", "pk": 1, "fields": {"name": "Studiohuone 1 + soittimet", "reservation_unit_type": 1, "require_introduction": true, "spaces": [4], "resources": [1, 2], "services": [2]}}, {"model": "reservation_units.reservationunit", "pk": 2, "fields": {"name": "Studiokompleksi", "reservation_unit_type": 1, "require_introduction": true, "spaces": [1], "resources": [], "services": [2]}}, {"model": "reservation_units.reservationunit", "pk": 3, "fields": {"name": "Mika Waltarin sali, kolmasosa", "reservation_unit_type": 2, "require_introduction": false, "spaces": [7], "resources": [], "services": [1]}}, {"model": "reservation_units.reservationunit", "pk": 4, "fields": {"name": "Mika Waltarin sali, kolmasosa", "reservation_unit_type": 2, "require_introduction": false, "spaces": [8], "resources": [], "services": [1]}}, {"model": "reservation_units.reservationunit", "pk": 5, "fields": {"name": "Mika Waltarin sali, kolmasosa", "reservation_unit_type": 2, "require_introduction": false, "spaces": [9], "resources": [], "services": [1]}}, {"model": "reservation_units.reservationunit", "pk": 6, "fields": {"name": "Mika Waltarin sali", "reservation_unit_type": 2, "require_introduction": false, "spaces": [2], "resources": [], "services": [1]}}, {"model": "reservation_units.reservationunit", "pk": 7, "fields": {"name": "Fredriksbergin 2-talon aula", "reservation_unit_type": 2, "require_introduction": false, "spaces": [10], "resources": [], "services": [1]}}, {"model": "reservation_units.reservationunitimage", "pk": 1, "fields": {"image_type": "main", "reservation_unit": 2, "image_url": "https://respa.koe.hel.ninja/resource_image/212"}}, {"model": "reservation_units.purpose", "pk": 1, "fields": {"name": "Liikkua tai pelata", "reservation_unit": []}}, {"model": "reservation_units.purpose", "pk": 2, "fields": {"name": "Lukupiiri", "reservation_unit": []}}, {"model": "reservation_units.purpose", "pk": 3, "fields": {"name": "Opastus", "reservation_unit": []}}, {"model": "reservation_units.period", "pk": 1, "fields": {"reservation_length_type": "within_day", "reservation_unit": 7, "start": "2021-01-01", "end": "2021-06-01", "name": "Alkuvuosi", "description": null, "closed": false}}, {"model": "reservation_units.day", "pk": 1, "fields": {"period": 1, "weekday": 0, "opens": "08:00:00", "closes": "20:00:00"}}, {"model": "reservation_units.day", "pk": 2, "fields": {"period": 1, "weekday": 1, "opens": "08:00:00", "closes": "20:00:00"}}, {"model": "reservation_units.day", "pk": 5, "fields": {"period": 1, "weekday": 2, "opens": "08:00:00", "closes": "20:00:00"}}, {"model": "reservation_units.day", "pk": 6, "fields": {"period": 1, "weekday": 3, "opens": "06:00:00", "closes": "21:00:00"}}, {"model": "reservation_units.daypart", "pk": 1, "fields": {"allowed_group": "allowed_staff", "begin": "08:00:00", "end": "12:00:00", "day": 1}}, {"model": "reservation_units.daypart", "pk": 2, "fields": {"allowed_group": "allowed_everyone", "begin": "12:00:00", "end": "20:00:00", "day": 1}}, {"model": "reservation_units.daypart", "pk": 3, "fields": {"allowed_group": "allowed_staff", "begin": "08:00:00", "end": "12:00:00", "day": 2}}, {"model": "reservation_units.daypart", "pk": 4, "fields": {"allowed_group": "allowed_everyone", "begin": "12:00:00", "end": "20:00:00", "day": 2}}, {"model": "applications.applicationperiod", "pk": 1, "fields": {"name": "Nuorten liikuntavuorot kev\u00e4t 2021", "application_period_begin": "2021-01-01T00:00:00Z", "application_period_end": "2021-01-31T00:00:00Z", "reservation_period_begin": "2021-01-01", "reservation_period_end": "2021-06-01", "reservation_units": [2, 6], "purposes": []}}]