[
    {
        "model": "reservations.agegroup",
        "pk": 1,
        "fields": {
            "minimum": 5,
            "maximum": 8
        }
    },
    {
        "model": "reservations.agegroup",
        "pk": 2,
        "fields": {
            "minimum": 9,
            "maximum": 12
        }
    },
    {
        "model": "reservations.agegroup",
        "pk": 3,
        "fields": {
            "minimum": 12,
            "maximum": 16
        }
    },
    {
        "model": "reservations.agegroup",
        "pk": 4,
        "fields": {
            "minimum": 17,
            "maximum": 20
        }
    },
    {
        "model": "reservations.abilitygroup",
        "pk": 1,
        "fields": {
            "name": "Keskitaso"
        }
    },
    {
        "model": "resources.resource",
        "pk": 1,
        "fields": {
            "location_type": "fixed",
            "name": "Kitara 1",
            "space": 1,
            "buffer_time_before": null,
            "buffer_time_after": null
        }
    },
    {
        "model": "resources.resource",
        "pk": 2,
        "fields": {
            "location_type": "fixed",
            "name": "Basso 1",
            "space": 1,
            "buffer_time_before": null,
            "buffer_time_after": null
        }
    },
    {
        "model": "spaces.district",
        "pk": 1,
        "fields": {
            "district_type": "district",
            "name": "T\u00f6\u00f6l\u00f6",
            "parent": null,
            "lft": 1,
            "rght": 2,
            "tree_id": 1,
            "level": 0
        }
    },
    {
        "model": "spaces.district",
        "pk": 2,
        "fields": {
            "district_type": "district",
            "name": "Keskusta",
            "parent": null,
            "lft": 1,
            "rght": 2,
            "tree_id": 2,
            "level": 0
        }
    },
    {
        "model": "spaces.district",
        "pk": 3,
        "fields": {
            "district_type": "district",
            "name": "Lepp\u00e4vaara",
            "parent": null,
            "lft": 1,
            "rght": 6,
            "tree_id": 3,
            "level": 0
        }
    },
    {
        "model": "spaces.district",
        "pk": 4,
        "fields": {
            "district_type": "sub_district",
            "name": "Perkkaa",
            "parent": 3,
            "lft": 2,
            "rght": 3,
            "tree_id": 3,
            "level": 1
        }
    },
    {
        "model": "spaces.district",
        "pk": 5,
        "fields": {
            "district_type": "sub_district",
            "name": "Vermonniitty",
            "parent": 3,
            "lft": 4,
            "rght": 5,
            "tree_id": 3,
            "level": 1
        }
    },
    {
        "model": "spaces.district",
        "pk": 8,
        "fields": {
            "district_type": "district",
            "name": "Hakaniemi",
            "parent": null,
            "lft": 1,
            "rght": 2,
            "tree_id": 4,
            "level": 0
        }
    },
    {
        "model": "spaces.building",
        "pk": 1,
        "fields": {
            "name": "Fredriksbergin 2-talo",
            "district": null,
            "real_estate": null,
            "surface_area": null
        }
    },
    {
        "model": "spaces.building",
        "pk": 2,
        "fields": {
            "name": "T\u00f6\u00f6l\u00f6n kirjasto",
            "district": 1,
            "real_estate": null,
            "surface_area": null
        }
    },
    {
        "model": "spaces.building",
        "pk": 3,
        "fields": {
            "name": "Oodin kirjasto",
            "district": 2,
            "real_estate": null,
            "surface_area": null
        }
    },
    {
        "model": "spaces.building",
        "pk": 18,
        "fields": {
            "name": "Ympyr\u00e4talo",
            "district": 8,
            "real_estate": null,
            "surface_area": "2000.00"
        }
    },
    {
        "model": "spaces.space",
        "pk": 1,
        "fields": {
            "name": "Studiokompleksi",
            "parent": null,
            "district": 2,
            "building": 3,
            "surface_area": null,
            "max_persons": 20,
            "lft": 1,
            "rght": 10,
            "tree_id": 1,
            "level": 0
        }
    },
    {
        "model": "spaces.space",
        "pk": 2,
        "fields": {
            "name": "Mika Waltari sali",
            "parent": null,
            "district": null,
            "building": 2,
            "surface_area": null,
            "max_persons": null,
            "lft": 1,
            "rght": 8,
            "tree_id": 2,
            "level": 0
        }
    },
    {
        "model": "spaces.space",
        "pk": 3,
        "fields": {
            "name": "Fredriksbergin 2-talon aula",
            "parent": null,
            "district": null,
            "building": 1,
            "surface_area": null,
            "max_persons": null,
            "lft": 1,
            "rght": 4,
            "tree_id": 3,
            "level": 0
        }
    },
    {
        "model": "spaces.space",
        "pk": 4,
        "fields": {
            "name": "Studiohuone 1",
            "parent": 1,
            "district": null,
            "building": 3,
            "surface_area": null,
            "max_persons": 33,
            "lft": 4,
            "rght": 5,
            "tree_id": 1,
            "level": 1
        }
    },
    {
        "model": "spaces.space",
        "pk": 5,
        "fields": {
            "name": "Studiohuone 2",
            "parent": 1,
            "district": null,
            "building": 3,
            "surface_area": null,
            "max_persons": null,
            "lft": 2,
            "rght": 3,
            "tree_id": 1,
            "level": 1
        }
    },
    {
        "model": "spaces.space",
        "pk": 6,
        "fields": {
            "name": "Studiohuone 3",
            "parent": 1,
            "district": null,
            "building": 3,
            "surface_area": null,
            "max_persons": null,
            "lft": 6,
            "rght": 7,
            "tree_id": 1,
            "level": 1
        }
    },
    {
        "model": "spaces.space",
        "pk": 7,
        "fields": {
            "name": "Mika Waltari sali osa 1",
            "parent": 2,
            "district": null,
            "building": 2,
            "surface_area": null,
            "max_persons": null,
            "lft": 2,
            "rght": 3,
            "tree_id": 2,
            "level": 1
        }
    },
    {
        "model": "spaces.space",
        "pk": 8,
        "fields": {
            "name": "Mika Waltari sali osa 2",
            "parent": 2,
            "district": null,
            "building": 2,
            "surface_area": null,
            "max_persons": null,
            "lft": 4,
            "rght": 5,
            "tree_id": 2,
            "level": 1
        }
    },
    {
        "model": "spaces.space",
        "pk": 9,
        "fields": {
            "name": "Mika Waltari sali osa 3",
            "parent": 2,
            "district": null,
            "building": 2,
            "surface_area": null,
            "max_persons": null,
            "lft": 6,
            "rght": 7,
            "tree_id": 2,
            "level": 1
        }
    },
    {
        "model": "spaces.space",
        "pk": 10,
        "fields": {
            "name": "Fredriksbergin 2-talon aula",
            "parent": 3,
            "district": null,
            "building": 1,
            "surface_area": null,
            "max_persons": null,
            "lft": 2,
            "rght": 3,
            "tree_id": 3,
            "level": 1
        }
    },
    {
        "model": "spaces.space",
        "pk": 34,
        "fields": {
            "name": "Studiohuone 4",
            "parent": 1,
            "district": null,
            "building": 3,
            "surface_area": null,
            "max_persons": null,
            "lft": 8,
            "rght": 9,
            "tree_id": 1,
            "level": 1
        }
    },
    {
        "model": "spaces.space",
        "pk": 36,
        "fields": {
            "name": "Toimistohuone 1",
            "parent": null,
            "district": 8,
            "building": 18,
            "surface_area": "50.00",
            "max_persons": 10,
            "lft": 1,
            "rght": 2,
            "tree_id": 4,
            "level": 0
        }
    },
    {
        "model": "spaces.location",
        "pk": 1,
        "fields": {
            "address_street": "Jokukatu 5",
            "address_zip": "02600",
            "address_city": "Helsinki",
            "space": 1,
            "building": null,
            "real_estate": null
        }
    },
    {
        "model": "spaces.location",
        "pk": 4,
        "fields": {
            "address_street": "Jokukatu 5",
            "address_zip": "02600",
            "address_city": "Helsinki",
            "space": null,
            "building": 18,
            "real_estate": null
        }
    },
    {
        "model": "spaces.location",
        "pk": 5,
        "fields": {
            "address_street": "Jokukatu 5",
            "address_zip": "02600",
            "address_city": "Helsinki",
            "space": 36,
            "building": null,
            "real_estate": null
        }
    },
    {
        "model": "services.service",
        "pk": 1,
        "fields": {
            "name": "P\u00f6ytien konfigurointi",
            "service_type": "configuration",
            "buffer_time_before": "01:00:00",
            "buffer_time_after": "01:00:00"
        }
    },
    {
        "model": "services.service",
        "pk": 2,
        "fields": {
            "name": "Perehdytys studion k\u00e4ytt\u00e4miseen",
            "service_type": "introduction",
            "buffer_time_before": null,
            "buffer_time_after": null
        }
    },
    {
        "model": "reservation_units.reservationunittype",
        "pk": 1,
        "fields": {
            "name": "\u00c4\u00e4nitysstudio"
        }
    },
    {
        "model": "reservation_units.reservationunittype",
        "pk": 2,
        "fields": {
            "name": "Kokoustila"
        }
    },
    {
        "model": "reservation_units.reservationunit",
        "pk": 1,
        "fields": {
            "name": "Studiohuone 1 + soittimet",
            "reservation_unit_type": 1,
            "require_introduction": true,
            "spaces": [
                4
            ],
            "resources": [
                1,
                2
            ],
            "services": [
                2
            ],
            "purposes": []
        }
    },
    {
        "model": "reservation_units.reservationunit",
        "pk": 2,
        "fields": {
            "name": "Studiokompleksi",
            "reservation_unit_type": 1,
            "require_introduction": true,
            "spaces": [
                1
            ],
            "resources": [],
            "services": [
                2
            ],
            "purposes": []
        }
    },
    {
        "model": "reservation_units.reservationunit",
        "pk": 3,
        "fields": {
            "name": "Mika Waltarin sali, kolmasosa",
            "reservation_unit_type": 2,
            "require_introduction": false,
            "spaces": [
                7
            ],
            "resources": [],
            "services": [
                1
            ],
            "purposes": []
        }
    },
    {
        "model": "reservation_units.reservationunit",
        "pk": 4,
        "fields": {
            "name": "Mika Waltarin sali, kolmasosa",
            "reservation_unit_type": 2,
            "require_introduction": false,
            "spaces": [
                8
            ],
            "resources": [],
            "services": [
                1
            ],
            "purposes": []
        }
    },
    {
        "model": "reservation_units.reservationunit",
        "pk": 5,
        "fields": {
            "name": "Mika Waltarin sali, kolmasosa",
            "reservation_unit_type": 2,
            "require_introduction": false,
            "spaces": [
                9
            ],
            "resources": [],
            "services": [
                1
            ],
            "purposes": []
        }
    },
    {
        "model": "reservation_units.reservationunit",
        "pk": 6,
        "fields": {
            "name": "Mika Waltarin sali",
            "reservation_unit_type": 2,
            "require_introduction": false,
            "spaces": [
                2
            ],
            "resources": [],
            "services": [
                1
            ],
            "purposes": []
        }
    },
    {
        "model": "reservation_units.reservationunit",
        "pk": 7,
        "fields": {
            "name": "Fredriksbergin 2-talon aula",
            "reservation_unit_type": 2,
            "require_introduction": false,
            "spaces": [
                10
            ],
            "resources": [],
            "services": [
                1
            ],
            "purposes": []
        }
    },
    {
        "model": "reservation_units.reservationunit",
        "pk": 9,
        "fields": {
            "name": "Toimistohuone 1",
            "reservation_unit_type": 2,
            "require_introduction": false,
            "spaces": [
                36
            ],
            "resources": [],
            "services": [],
            "purposes": [
                4
            ]
        }
    },
    {
        "model": "reservation_units.reservationunitimage",
        "pk": 1,
        "fields": {
            "image_type": "main",
            "reservation_unit": 2,
            "image_url": "https://respa.koe.hel.ninja/resource_image/212"
        }
    },
    {
        "model": "reservation_units.reservationunitimage",
        "pk": 2,
        "fields": {
            "image_type": "main",
            "reservation_unit": 9,
            "image_url": "https://respa.koe.hel.ninja/resource_image/496"
        }
    },
    {
        "model": "reservation_units.purpose",
        "pk": 1,
        "fields": {
            "name": "Liikkua tai pelata"
        }
    },
    {
        "model": "reservation_units.purpose",
        "pk": 2,
        "fields": {
            "name": "Lukupiiri"
        }
    },
    {
        "model": "reservation_units.purpose",
        "pk": 3,
        "fields": {
            "name": "Opastus"
        }
    },
    {
        "model": "reservation_units.purpose",
        "pk": 4,
        "fields": {
            "name": "Pit\u00e4\u00e4 kokous"
        }
    },
    {
        "model": "reservation_units.period",
        "pk": 1,
        "fields": {
            "reservation_length_type": "within_day",
            "reservation_unit": 7,
            "start": "2021-01-01",
            "end": "2021-06-01",
            "name": "Alkuvuosi",
            "description": null,
            "closed": false
        }
    },
    {
        "model": "reservation_units.period",
        "pk": 2,
        "fields": {
            "reservation_length_type": "within_day",
            "reservation_unit": 1,
            "start": "2020-12-18",
            "end": "2020-12-18",
            "name": "hretrthtr",
            "description": null,
            "closed": false
        }
    },
    {
        "model": "reservation_units.day",
        "pk": 1,
        "fields": {
            "period": 1,
            "weekday": 0,
            "opens": "08:00:00",
            "closes": "20:00:00"
        }
    },
    {
        "model": "reservation_units.day",
        "pk": 2,
        "fields": {
            "period": 1,
            "weekday": 1,
            "opens": "08:00:00",
            "closes": "20:00:00"
        }
    },
    {
        "model": "reservation_units.day",
        "pk": 5,
        "fields": {
            "period": 1,
            "weekday": 2,
            "opens": "08:00:00",
            "closes": "20:00:00"
        }
    },
    {
        "model": "reservation_units.day",
        "pk": 6,
        "fields": {
            "period": 1,
            "weekday": 3,
            "opens": "06:00:00",
            "closes": "21:00:00"
        }
    },
    {
        "model": "reservation_units.day",
        "pk": 7,
        "fields": {
            "period": 2,
            "weekday": 0,
            "opens": "11:00:00",
            "closes": "12:00:00"
        }
    },
    {
        "model": "reservation_units.daypart",
        "pk": 1,
        "fields": {
            "allowed_group": "allowed_staff",
            "begin": "08:00:00",
            "end": "12:00:00",
            "day": 1
        }
    },
    {
        "model": "reservation_units.daypart",
        "pk": 2,
        "fields": {
            "allowed_group": "allowed_everyone",
            "begin": "12:00:00",
            "end": "20:00:00",
            "day": 1
        }
    },
    {
        "model": "reservation_units.daypart",
        "pk": 3,
        "fields": {
            "allowed_group": "allowed_staff",
            "begin": "08:00:00",
            "end": "12:00:00",
            "day": 2
        }
    },
    {
        "model": "reservation_units.daypart",
        "pk": 4,
        "fields": {
            "allowed_group": "allowed_everyone",
            "begin": "12:00:00",
            "end": "20:00:00",
            "day": 2
        }
    },
    {
        "model": "applications.person",
        "pk": 1,
        "fields": {
            "email": "",
            "phone_number": "",
            "first_name": "123",
            "last_name": "333"
        }
    },
    {
        "model": "applications.person",
        "pk": 2,
        "fields": {
            "email": "",
            "phone_number": "",
            "first_name": "123",
            "last_name": "333"
        }
    },
    {
        "model": "applications.person",
        "pk": 3,
        "fields": {
            "email": "",
            "phone_number": "",
            "first_name": "123",
            "last_name": "333"
        }
    },
    {
        "model": "applications.person",
        "pk": 4,
        "fields": {
            "email": "",
            "phone_number": "",
            "first_name": "123",
            "last_name": "333"
        }
    },
    {
        "model": "applications.person",
        "pk": 6,
        "fields": {
            "email": "",
            "phone_number": "",
            "first_name": "123",
            "last_name": "333"
        }
    },
    {
        "model": "applications.person",
        "pk": 7,
        "fields": {
            "email": "",
            "phone_number": "",
            "first_name": "55",
            "last_name": "333"
        }
    },
    {
        "model": "applications.ApplicationRound",
        "pk": 1,
        "fields": {
            "name": "Nuorten liikuntavuorot kev\u00e4t 2021",
            "application_period_begin": "2021-01-01T00:00:00Z",
            "application_period_end": "2021-01-31T00:00:00Z",
            "reservation_period_begin": "2021-01-01",
            "reservation_period_end": "2021-06-01",
            "public_display_begin": "2021-01-01",
            "public_display_end": "2021-01-31",
            "reservation_units": [
                2,
                6
            ],
            "purposes": []
        }
    },
    {
        "model": "applications.ApplicationRound",
        "pk": 2,
        "fields": {
            "name": "Toimistotilojen haku kev\u00e4t 2021",
            "application_period_begin": "2020-12-18T08:01:01Z",
            "application_period_end": "2020-12-31T22:01:06Z",
            "reservation_period_begin": "2021-01-01",
            "reservation_period_end": "2021-06-01",
            "public_display_begin": "2020-12-18",
            "public_display_end": "2020-12-31",
            "reservation_units": [
                6,
                7,
                9
            ],
            "purposes": [
                2,
                4
            ]
        }
    },
    {
        "model": "applications.Organisation",
        "pk": 1,
        "fields": {
            "name": "Kuperkeikkakamut",
            "identifier":  "1234567-8",
            "year_established": 1987,
            "address": null,
            "active_members": 20
        }
    },
    {
        "model": "applications.Application",
        "pk": 1,
        "fields": {
            "organisation": 1,
            "contact_person":  1,
            "user": null,
            "application_round": 1
        }
    },
    {
        "model": "applications.ApplicationEvent",
        "pk": 1,
        "fields": {
            "name": "Treenivuorot",
            "num_persons":  20,
            "age_group": 1,
            "ability_group": 1,
            "min_duration": "01:00:00",
            "max_duration": "02:00:00",
            "events_per_week": 1,
            "biweekly": false,
            "begin": "2021-01-01",
            "end": "2021-06-01",
            "application": 1,
            "district": 1,
            "purpose": 1
        }
    }
]