[
    {
        "model": "reservations.agegroup",
        "pk": 1,
        "fields": {
            "minimum": 5,
            "maximum": 8
        }
    },
    {
        "model": "reservations.agegroup",
        "pk": 2,
        "fields": {
            "minimum": 9,
            "maximum": 12
        }
    },
    {
        "model": "reservations.agegroup",
        "pk": 3,
        "fields": {
            "minimum": 12,
            "maximum": 16
        }
    },
    {
        "model": "reservations.agegroup",
        "pk": 4,
        "fields": {
            "minimum": 17,
            "maximum": 20
        }
    },
    {
        "model": "reservations.abilitygroup",
        "pk": 1,
        "fields": {
            "name": "Keskitaso",
            "name_fi": "Keskitaso",
            "name_en": null,
            "name_sv": null
        }
    },
    {
        "model": "reservations.reservationpurpose",
        "pk": 1,
        "fields": {
            "name": "Liikkua tai pelata",
            "name_fi": "Liikkua tai pelata",
            "name_en": null,
            "name_sv": null
        }
    },
    {
        "model": "reservations.reservationpurpose",
        "pk": 2,
        "fields": {
            "name": "Lukupiiri",
            "name_fi": "Lukupiiri",
            "name_en": null,
            "name_sv": null
        }
    },
    {
        "model": "reservations.reservationpurpose",
        "pk": 3,
        "fields": {
            "name": "Opastus",
            "name_fi": "Opastus",
            "name_en": null,
            "name_sv": null
        }
    },
    {
        "model": "reservations.reservationpurpose",
        "pk": 4,
        "fields": {
            "name": "Pitää kokous",
            "name_fi": "Pitää kokous",
            "name_en": null,
            "name_sv": null
        }
    },
    {
        "model": "resources.resource",
        "pk": 1,
        "fields": {
            "location_type": "fixed",
            "name": "Kitara 1",
            "name_fi": "Kitara 1",
            "name_en": null,
            "name_sv": null,
            "space": 1,
            "buffer_time_before": null,
            "buffer_time_after": null
        }
    },
    {
        "model": "resources.resource",
        "pk": 2,
        "fields": {
            "location_type": "fixed",
            "name": "Basso 1",
            "name_fi": "Basso 1",
            "name_en": null,
            "name_sv": null,
            "space": 1,
            "buffer_time_before": null,
            "buffer_time_after": null
        }
    },
    {
        "model": "spaces.district",
        "pk": 1,
        "fields": {
            "district_type": "district",
            "name": "Töölö",
            "name_fi": "Töölö",
            "name_en": null,
            "name_sv": null,
            "parent": null,
            "lft": 1,
            "rght": 2,
            "tree_id": 1,
            "level": 0
        }
    },
    {
        "model": "spaces.district",
        "pk": 2,
        "fields": {
            "district_type": "district",
            "name": "Keskusta",
            "name_fi": "Keskusta",
            "name_en": null,
            "name_sv": null,
            "parent": null,
            "lft": 1,
            "rght": 2,
            "tree_id": 2,
            "level": 0
        }
    },
    {
        "model": "spaces.district",
        "pk": 3,
        "fields": {
            "district_type": "district",
            "name": "Leppävaara",
            "name_fi": "Leppävaara",
            "name_en": null,
            "name_sv": null,
            "parent": null,
            "lft": 1,
            "rght": 6,
            "tree_id": 3,
            "level": 0
        }
    },
    {
        "model": "spaces.district",
        "pk": 4,
        "fields": {
            "district_type": "sub_district",
            "name": "Perkkaa",
            "name_fi": "Perkkaa",
            "name_en": null,
            "name_sv": null,
            "parent": 3,
            "lft": 2,
            "rght": 3,
            "tree_id": 3,
            "level": 1
        }
    },
    {
        "model": "spaces.district",
        "pk": 5,
        "fields": {
            "district_type": "sub_district",
            "name": "Vermonniitty",
            "name_fi": "Vermonniitty",
            "name_en": null,
            "name_sv": null,
            "parent": 3,
            "lft": 4,
            "rght": 5,
            "tree_id": 3,
            "level": 1
        }
    },
    {
        "model": "spaces.district",
        "pk": 8,
        "fields": {
            "district_type": "district",
            "name": "Hakaniemi",
            "name_fi": "Hakaniemi",
            "name_en": null,
            "name_sv": null,
            "parent": null,
            "lft": 1,
            "rght": 2,
            "tree_id": 4,
            "level": 0
        }
    },
    {
        "model": "spaces.servicesector",
        "pk": 1,
        "fields": {
            "name": "Kulttuuri ja vapaa-aika",
            "name_fi": "Kulttuuri ja vapaa-aika",
            "name_en": null,
            "name_sv": null,
            "units": [
                1,
                2,
                3
            ]
        }
    },
    {
        "model": "spaces.servicesector",
        "pk": 2,
        "fields": {
            "name": "Yksityinen",
            "name_fi": "Yksityinen",
            "name_en": null,
            "name_sv": null,
            "units": [
                4
            ]
        }
    },
    {
        "model": "spaces.unit",
        "pk": 1,
        "fields": {
            "tprek_id": null,
            "tprek_department_id": "1234",
            "name": "Töölön kirjasto",
            "name_fi": "Töölön kirjasto",
            "name_en": null,
            "name_sv": null,
            "description": "",
            "description_fi": "",
            "description_en": "",
            "description_sv": "",
            "short_description": "",
            "short_description_fi": "",
            "short_description_en": "",
            "short_description_sv": "",
            "web_page": "",
            "email": "",
            "phone": "",
            "hauki_resource_id": null
        }
    },
    {
        "model": "spaces.unit",
        "pk": 2,
        "fields": {
            "tprek_id": null,
            "tprek_department_id": "1234",
            "name": "Helsingin keskustakirjasto Oodi",
            "name_fi": "Helsingin keskustakirjasto Oodi",
            "name_en": null,
            "name_sv": null,
            "description": "",
            "description_fi": "",
            "description_en": "",
            "description_sv": "",
            "short_description": "",
            "short_description_fi": "",
            "short_description_en": "",
            "short_description_sv": "",
            "web_page": "",
            "email": "",
            "phone": "",
            "hauki_resource_id": null
        }
    },
    {
        "model": "spaces.unit",
        "pk": 3,
        "fields": {
            "tprek_id": null,
            "tprek_department_id": "1234",
            "name": "Fredriksbergin talo",
            "name_fi": "Fredriksbergin talo",
            "name_en": null,
            "name_sv": null,
            "description": "",
            "description_fi": "",
            "description_en": "",
            "description_sv": "",
            "short_description": "",
            "short_description_fi": "",
            "short_description_en": "",
            "short_description_sv": "",
            "web_page": "",
            "email": "",
            "phone": "",
            "hauki_resource_id": null
        }
    },
    {
        "model": "spaces.unit",
        "pk": 4,
        "fields": {
            "tprek_id": null,
            "tprek_department_id": "1234",
            "name": "Ympyrätalo",
            "name_fi": "Ympyrätalo",
            "name_en": null,
            "name_sv": null,
            "description": "",
            "description_fi": "",
            "description_en": "",
            "description_sv": "",
            "short_description": "",
            "short_description_fi": "",
            "short_description_en": "",
            "short_description_sv": "",
            "web_page": "",
            "email": "",
            "phone": "",
            "hauki_resource_id": null
        }
    },
    {
        "model": "spaces.building",
        "pk": 1,
        "fields": {
            "name": "Fredriksbergin 2-talo",
            "name_fi": "Fredriksbergin 2-talo",
            "name_en": null,
            "name_sv": null,
            "district": null,
            "real_estate": null,
            "surface_area": null
        }
    },
    {
        "model": "spaces.building",
        "pk": 2,
        "fields": {
            "name": "Töölön kirjasto",
            "name_fi": "Töölön kirjasto",
            "name_en": null,
            "name_sv": null,
            "district": 1,
            "real_estate": null,
            "surface_area": null
        }
    },
    {
        "model": "spaces.building",
        "pk": 3,
        "fields": {
            "name": "Oodin kirjasto",
            "name_fi": "Oodin kirjasto",
            "name_en": null,
            "name_sv": null,
            "district": 2,
            "real_estate": null,
            "surface_area": null
        }
    },
    {
        "model": "spaces.building",
        "pk": 18,
        "fields": {
            "name": "Ympyrätalo",
            "name_fi": "Ympyrätalo",
            "name_en": null,
            "name_sv": null,
            "district": 8,
            "real_estate": null,
            "surface_area": "2000.00"
        }
    },
    {
        "model": "spaces.space",
        "pk": 1,
        "fields": {
            "name": "Studiokompleksi",
            "name_fi": "Studiokompleksi",
            "name_en": null,
            "name_sv": null,
            "parent": null,
            "district": 2,
            "building": 3,
            "unit": null,
            "surface_area": null,
            "max_persons": 20,
            "code": "",
            "lft": 1,
            "rght": 10,
            "tree_id": 1,
            "level": 0
        }
    },
    {
        "model": "spaces.space",
        "pk": 2,
        "fields": {
            "name": "Mika Waltari sali",
            "name_fi": "Mika Waltari sali",
            "name_en": null,
            "name_sv": null,
            "parent": null,
            "district": null,
            "building": 2,
            "unit": null,
            "surface_area": null,
            "max_persons": null,
            "code": "",
            "lft": 1,
            "rght": 8,
            "tree_id": 2,
            "level": 0
        }
    },
    {
        "model": "spaces.space",
        "pk": 3,
        "fields": {
            "name": "Fredriksbergin 2-talon aula",
            "name_fi": "Fredriksbergin 2-talon aula",
            "name_en": null,
            "name_sv": null,
            "parent": null,
            "district": null,
            "building": 1,
            "unit": null,
            "surface_area": null,
            "max_persons": null,
            "code": "",
            "lft": 1,
            "rght": 4,
            "tree_id": 3,
            "level": 0
        }
    },
    {
        "model": "spaces.space",
        "pk": 4,
        "fields": {
            "name": "Studiohuone 1",
            "name_fi": "Studiohuone 1",
            "name_en": null,
            "name_sv": null,
            "parent": 1,
            "district": null,
            "building": 3,
            "unit": null,
            "surface_area": null,
            "max_persons": 33,
            "code": "",
            "lft": 4,
            "rght": 5,
            "tree_id": 1,
            "level": 1
        }
    },
    {
        "model": "spaces.space",
        "pk": 5,
        "fields": {
            "name": "Studiohuone 2",
            "name_fi": "Studiohuone 2",
            "name_en": null,
            "name_sv": null,
            "parent": 1,
            "district": null,
            "building": 3,
            "unit": null,
            "surface_area": null,
            "max_persons": null,
            "code": "",
            "lft": 2,
            "rght": 3,
            "tree_id": 1,
            "level": 1
        }
    },
    {
        "model": "spaces.space",
        "pk": 6,
        "fields": {
            "name": "Studiohuone 3",
            "name_fi": "Studiohuone 3",
            "name_en": null,
            "name_sv": null,
            "parent": 1,
            "district": null,
            "building": 3,
            "unit": null,
            "surface_area": null,
            "max_persons": null,
            "code": "",
            "lft": 6,
            "rght": 7,
            "tree_id": 1,
            "level": 1
        }
    },
    {
        "model": "spaces.space",
        "pk": 7,
        "fields": {
            "name": "Mika Waltari sali osa 1",
            "name_fi": "Mika Waltari sali osa 1",
            "name_en": null,
            "name_sv": null,
            "parent": 2,
            "district": null,
            "building": 2,
            "unit": null,
            "surface_area": null,
            "max_persons": null,
            "code": "",
            "lft": 2,
            "rght": 3,
            "tree_id": 2,
            "level": 1
        }
    },
    {
        "model": "spaces.space",
        "pk": 8,
        "fields": {
            "name": "Mika Waltari sali osa 2",
            "name_fi": "Mika Waltari sali osa 2",
            "name_en": null,
            "name_sv": null,
            "parent": 2,
            "district": null,
            "building": 2,
            "unit": null,
            "surface_area": null,
            "max_persons": null,
            "code": "",
            "lft": 4,
            "rght": 5,
            "tree_id": 2,
            "level": 1
        }
    },
    {
        "model": "spaces.space",
        "pk": 9,
        "fields": {
            "name": "Mika Waltari sali osa 3",
            "name_fi": "Mika Waltari sali osa 3",
            "name_en": null,
            "name_sv": null,
            "parent": 2,
            "district": null,
            "building": 2,
            "unit": null,
            "surface_area": null,
            "max_persons": null,
            "code": "",
            "lft": 6,
            "rght": 7,
            "tree_id": 2,
            "level": 1
        }
    },
    {
        "model": "spaces.space",
        "pk": 10,
        "fields": {
            "name": "Fredriksbergin 2-talon aula",
            "name_fi": "Fredriksbergin 2-talon aula",
            "name_en": null,
            "name_sv": null,
            "parent": 3,
            "district": null,
            "building": 1,
            "unit": null,
            "surface_area": null,
            "max_persons": null,
            "code": "",
            "lft": 2,
            "rght": 3,
            "tree_id": 3,
            "level": 1
        }
    },
    {
        "model": "spaces.space",
        "pk": 34,
        "fields": {
            "name": "Studiohuone 4",
            "name_fi": "Studiohuone 4",
            "name_en": null,
            "name_sv": null,
            "parent": 1,
            "district": null,
            "building": 3,
            "unit": null,
            "surface_area": null,
            "max_persons": null,
            "code": "",
            "lft": 8,
            "rght": 9,
            "tree_id": 1,
            "level": 1
        }
    },
    {
        "model": "spaces.space",
        "pk": 36,
        "fields": {
            "name": "Toimistohuone 1",
            "name_fi": "Toimistohuone 1",
            "name_en": null,
            "name_sv": null,
            "parent": null,
            "district": 8,
            "building": 18,
            "unit": null,
            "surface_area": "50.00",
            "max_persons": 10,
            "code": "",
            "lft": 1,
            "rght": 2,
            "tree_id": 4,
            "level": 0
        }
    },
    {
        "model": "spaces.location",
        "pk": 1,
        "fields": {
            "address_street": "Jokukatu 5",
            "address_street_fi": "Jokukatu 5",
            "address_street_en": null,
            "address_street_sv": null,
            "address_zip": "02600",
            "address_city": "Helsinki",
            "address_city_fi": "Helsinki",
            "address_city_en": null,
            "address_city_sv": null,
            "space": 1,
            "building": null,
            "real_estate": null,
            "unit": null,
            "coordinates": null
        }
    },
    {
        "model": "spaces.location",
        "pk": 4,
        "fields": {
            "address_street": "Jokukatu 5",
            "address_street_fi": "Jokukatu 5",
            "address_street_en": null,
            "address_street_sv": null,
            "address_zip": "02600",
            "address_city": "Helsinki",
            "address_city_fi": "Helsinki",
            "address_city_en": null,
            "address_city_sv": null,
            "space": null,
            "building": 18,
            "real_estate": null,
            "unit": null,
            "coordinates": null
        }
    },
    {
        "model": "spaces.location",
        "pk": 5,
        "fields": {
            "address_street": "Jokukatu 5",
            "address_street_fi": "Jokukatu 5",
            "address_street_en": null,
            "address_street_sv": null,
            "address_zip": "02600",
            "address_city": "Helsinki",
            "address_city_fi": "Helsinki",
            "address_city_en": null,
            "address_city_sv": null,
            "space": 36,
            "building": null,
            "real_estate": null,
            "unit": null,
            "coordinates": null
        }
    },
    {
        "model": "spaces.location",
        "pk": 6,
        "fields": {
            "address_street": "Siltasaarenkatu 18-20",
            "address_street_fi": "Siltasaarenkatu 18-20",
            "address_street_en": null,
            "address_street_sv": null,
            "address_zip": "00530",
            "address_city": "Helsinki",
            "address_city_fi": "Helsinki",
            "address_city_en": null,
            "address_city_sv": null,
            "space": null,
            "building": null,
            "real_estate": null,
            "unit": 4,
            "coordinates": "SRID=4326;POINT (24.697265625 60.22890276751329)"
        }
    },
    {
        "model": "spaces.location",
        "pk": 7,
        "fields": {
            "address_street": "Konepajankuja 1",
            "address_street_fi": "Konepajankuja 1",
            "address_street_en": null,
            "address_street_sv": null,
            "address_zip": "00510",
            "address_city": "Helsinki",
            "address_city_fi": "Helsinki",
            "address_city_en": null,
            "address_city_sv": null,
            "space": null,
            "building": null,
            "real_estate": null,
            "unit": 3,
            "coordinates": "SRID=4326;POINT (24.40063476562499 60.04564650318173)"
        }
    },
    {
        "model": "spaces.location",
        "pk": 8,
        "fields": {
            "address_street": "Töölönlahdenkatu 4",
            "address_street_fi": "Töölönlahdenkatu 4",
            "address_street_en": null,
            "address_street_sv": null,
            "address_zip": "00100",
            "address_city": "Helsinki",
            "address_city_fi": "Helsinki",
            "address_city_en": null,
            "address_city_sv": null,
            "space": null,
            "building": null,
            "real_estate": null,
            "unit": 2,
            "coordinates": "SRID=4326;POINT (25.48828125 60.67317856581771)"
        }
    },
    {
        "model": "spaces.location",
        "pk": 9,
        "fields": {
            "address_street": "Topeliuksenkatu 6",
            "address_street_fi": "Topeliuksenkatu 6",
            "address_street_en": null,
            "address_street_sv": null,
            "address_zip": "00250",
            "address_city": "Helsinki",
            "address_city_fi": "Helsinki",
            "address_city_en": null,
            "address_city_sv": null,
            "space": null,
            "building": null,
            "real_estate": null,
            "unit": 1,
            "coordinates": "SRID=4326;POINT (24.521484375 60.10867046303597)"
        }
    },
    {
        "model": "services.service",
        "pk": 1,
        "fields": {
            "name": "Pöytien konfigurointi",
            "name_fi": "Pöytien konfigurointi",
            "name_en": null,
            "name_sv": null,
            "service_type": "configuration",
            "buffer_time_before": "01:00:00",
            "buffer_time_after": "01:00:00"
        }
    },
    {
        "model": "services.service",
        "pk": 2,
        "fields": {
            "name": "Perehdytys studion käyttämiseen",
            "name_fi": "Perehdytys studion käyttämiseen",
            "name_en": null,
            "name_sv": null,
            "service_type": "introduction",
            "buffer_time_before": null,
            "buffer_time_after": null
        }
    },
    {
        "model": "reservation_units.equipmentcategory",
        "pk": 1,
        "fields": {
            "name": "Studiolaitteet",
            "name_fi": "Studiolaitteet",
            "name_en": null,
            "name_sv": null
        }
    },
    {
        "model": "reservation_units.equipment",
        "pk": 1,
        "fields": {
            "name": "Mikseri",
            "name_fi": "Mikseri",
            "name_en": null,
            "name_sv": null,
            "category": 1
        }
    },
    {
        "model": "reservation_units.reservationunittype",
        "pk": 1,
        "fields": {
            "name": "Äänitysstudio",
            "name_fi": "Äänitysstudio",
            "name_en": null,
            "name_sv": null
        }
    },
    {
        "model": "reservation_units.reservationunittype",
        "pk": 2,
        "fields": {
            "name": "Kokoustila",
            "name_fi": "Kokoustila",
            "name_en": null,
            "name_sv": null
        }
    },
    {
        "model": "reservation_units.reservationunitcancellationrule",
        "pk": 1,
        "fields": {
            "name": "Default rule",
            "name_fi": "Oletussääntö",
            "name_en": "Default rule",
            "name_sv": "Default rule",
            "can_be_cancelled_time_before": "1 00:00:00",
            "needs_handling": false
        }
    },
    {
        "model": "reservation_units.reservationunit",
        "pk": 1,
        "fields": {
            "name": "Studiohuone 1 + soittimet",
            "name_fi": "Studiohuone 1 + soittimet",
            "name_en": null,
            "name_sv": null,
            "description": "HUOMIOITHAN SEURAAVAT ASIAT, KUN KÄYTÄT TILAA KORONAPANDEMIAN AIKANA:\r\n- lähiopastusta ei voida antaa\r\n- tilaa käytetään omalla vastuulla (tilaa ja soittimia ei desinfioida varausten välissä)\r\n- muista turvavälit\r\n- pidä huolta käsihygieniasta\r\n- niistä tai yski kertakäyttönenäliinaan\r\n- älä käytä tilaa, jos olet sairas\r\nStudio 6 on 1-3:lle henkilölle soveltuva tila soittamiseen, laulamiseen ja DJ-käyttöön. Tilasta löytyy mm. piano, DJ-laitteet, kitaravahvistin ja Djembe. Studiossa ei ole tällä hetkellä äänitysmahdollisuutta.\r\n________________________________________________________________________\r\nTilan varustelu:\r\nYamaha U3, piano\r\nTechnics SL-1210GR (2kpl), levysoittimet\r\nPioneer CDJ-2000NXS2 (2kpl), DJ CD-soittimet\r\nPioneer DJM-900NXS2, DJ-mikseri\r\nVox VT20X, kitaravahvistin\r\nAmpeg BA-115, bassovahvistin\r\nOssi Percussion Djembe\r\nSinga -karaokestreamauspalvelu\r\n________________________________________________________________________\r\nLisätietoa: oodi.kaupunkiverstas@hel.fi",
            "description_fi": "HUOMIOITHAN SEURAAVAT ASIAT, KUN KÄYTÄT TILAA KORONAPANDEMIAN AIKANA:\r\n- lähiopastusta ei voida antaa\r\n- tilaa käytetään omalla vastuulla (tilaa ja soittimia ei desinfioida varausten välissä)\r\n- muista turvavälit\r\n- pidä huolta käsihygieniasta\r\n- niistä tai yski kertakäyttönenäliinaan\r\n- älä käytä tilaa, jos olet sairas\r\nStudio 6 on 1-3:lle henkilölle soveltuva tila soittamiseen, laulamiseen ja DJ-käyttöön. Tilasta löytyy mm. piano, DJ-laitteet, kitaravahvistin ja Djembe. Studiossa ei ole tällä hetkellä äänitysmahdollisuutta.\r\n________________________________________________________________________\r\nTilan varustelu:\r\nYamaha U3, piano\r\nTechnics SL-1210GR (2kpl), levysoittimet\r\nPioneer CDJ-2000NXS2 (2kpl), DJ CD-soittimet\r\nPioneer DJM-900NXS2, DJ-mikseri\r\nVox VT20X, kitaravahvistin\r\nAmpeg BA-115, bassovahvistin\r\nOssi Percussion Djembe\r\nSinga -karaokestreamauspalvelu\r\n________________________________________________________________________\r\nLisätietoa: oodi.kaupunkiverstas@hel.fi",
            "description_en": "",
            "description_sv": "",
            "reservation_unit_type": 1,
            "require_introduction": true,
            "terms_of_use": "Kirjaston varattavien tilojen yleiset käyttösäännöt:\r\n1. Varattu tila kalusteineen on vuokralaisen käytettävissä sopimuksessa määriteltynä aikana.\r\n2. Mahdollisten alkuvalmistelujen ja loppusiivouksen tulee sisältyä varattuun aikaan. Varaus laskutetaan täysiltä tunneilta.\r\n3. Peruuttamatta jääneet varaukset laskutetaan.\r\n4. Vuokraajan tulee olla täysi-ikäinen.\r\n5. Kirjastossa ei voi järjestää kursseja tai toistuvia tilaisuuksia, joista otetaan pääsy- tai osallistumismaksu (koskien myös materiaalikuluja). Yksittäisiä osallistujille maksullisia tapahtumia voi järjestää.\r\n6. Vuokrausajan päättyessä vuokraajan tulee jättää tila samaan kuntoon kuin se oli vuokrausajan alkaessa.\r\n7. Vuokraaja on korvausvelvollinen, mikäli tilan käyttäjät aiheuttavat vahinkoa kiinteistölle tai irtaimistolle. Vahingoista on ilmoitettava välittömästi kirjaston henkilökunnalle.\r\n8. Vuokrattavassa tilassa järjestettävä tilaisuus ei saa häiritä muuta kirjaston toimintaa, asiakkaita tai käyttäjiä.\r\n9. Vuokrattavassa tilassa järjestettävän tilaisuuden sisältö tai luonne ei voi olla ristiriidassa Suomen lain kanssa tai hyvän tavan vastainen.\r\n10. Kirjastolla on tarvittaessa ja harkintansa mukaan oikeus evätä vuokralaisen pääsy vuokrattavaan tilaan tai keskeyttää vuokrattavassa tilassa järjestettävä tilaisuus, mikäli ilmenee, että edellä mainittuja sääntöjä rikotaan tai on rikottu.",
            "terms_of_use_fi": "Kirjaston varattavien tilojen yleiset käyttösäännöt:\r\n1. Varattu tila kalusteineen on vuokralaisen käytettävissä sopimuksessa määriteltynä aikana.\r\n2. Mahdollisten alkuvalmistelujen ja loppusiivouksen tulee sisältyä varattuun aikaan. Varaus laskutetaan täysiltä tunneilta.\r\n3. Peruuttamatta jääneet varaukset laskutetaan.\r\n4. Vuokraajan tulee olla täysi-ikäinen.\r\n5. Kirjastossa ei voi järjestää kursseja tai toistuvia tilaisuuksia, joista otetaan pääsy- tai osallistumismaksu (koskien myös materiaalikuluja). Yksittäisiä osallistujille maksullisia tapahtumia voi järjestää.\r\n6. Vuokrausajan päättyessä vuokraajan tulee jättää tila samaan kuntoon kuin se oli vuokrausajan alkaessa.\r\n7. Vuokraaja on korvausvelvollinen, mikäli tilan käyttäjät aiheuttavat vahinkoa kiinteistölle tai irtaimistolle. Vahingoista on ilmoitettava välittömästi kirjaston henkilökunnalle.\r\n8. Vuokrattavassa tilassa järjestettävä tilaisuus ei saa häiritä muuta kirjaston toimintaa, asiakkaita tai käyttäjiä.\r\n9. Vuokrattavassa tilassa järjestettävän tilaisuuden sisältö tai luonne ei voi olla ristiriidassa Suomen lain kanssa tai hyvän tavan vastainen.\r\n10. Kirjastolla on tarvittaessa ja harkintansa mukaan oikeus evätä vuokralaisen pääsy vuokrattavaan tilaan tai keskeyttää vuokrattavassa tilassa järjestettävä tilaisuus, mikäli ilmenee, että edellä mainittuja sääntöjä rikotaan tai on rikottu.",
            "terms_of_use_en": null,
            "terms_of_use_sv": null,
            "unit": 2,
            "contact_information": "",
            "max_reservation_duration": null,
            "min_reservation_duration": null,
            "uuid": "3bc5b647-8821-412b-89ce-2f9e88dc7d45",
            "is_draft": false,
            "max_persons": null,
            "surface_area": null,
            "buffer_time_after": null,
            "buffer_time_before": null,
            "hauki_resource_id": null,
            "spaces": [
                4
            ],
            "keyword_groups": [],
            "resources": [
                1,
                2
            ],
            "services": [
                2
            ],
            "purposes": [],
            "equipments": [
                1
            ]
        }
    },
    {
        "model": "reservation_units.reservationunit",
        "pk": 2,
        "fields": {
            "name": "Studiokompleksi",
            "name_fi": "Studiokompleksi",
            "name_en": null,
            "name_sv": null,
            "description": "HUOMIOITHAN SEURAAVAT ASIAT, KUN KÄYTÄT TILAA KORONAPANDEMIAN AIKANA:\r\n- lähiopastusta ei voida antaa\r\n- tilaa käytetään omalla vastuulla (tilaa ja soittimia ei desinfioida varausten välissä)\r\n- muista turvavälit\r\n- pidä huolta käsihygieniasta\r\n- niistä tai yski kertakäyttönenäliinaan\r\n- älä käytä tilaa, jos olet sairas\r\nStudio 6 on 1-3:lle henkilölle soveltuva tila soittamiseen, laulamiseen ja DJ-käyttöön. Tilasta löytyy mm. piano, DJ-laitteet, kitaravahvistin ja Djembe. Studiossa ei ole tällä hetkellä äänitysmahdollisuutta.\r\n________________________________________________________________________\r\nTilan varustelu:\r\nYamaha U3, piano\r\nTechnics SL-1210GR (2kpl), levysoittimet\r\nPioneer CDJ-2000NXS2 (2kpl), DJ CD-soittimet\r\nPioneer DJM-900NXS2, DJ-mikseri\r\nVox VT20X, kitaravahvistin\r\nAmpeg BA-115, bassovahvistin\r\nOssi Percussion Djembe\r\nSinga -karaokestreamauspalvelu\r\n________________________________________________________________________\r\nLisätietoa: oodi.kaupunkiverstas@hel.fi",
            "description_fi": "HUOMIOITHAN SEURAAVAT ASIAT, KUN KÄYTÄT TILAA KORONAPANDEMIAN AIKANA:\r\n- lähiopastusta ei voida antaa\r\n- tilaa käytetään omalla vastuulla (tilaa ja soittimia ei desinfioida varausten välissä)\r\n- muista turvavälit\r\n- pidä huolta käsihygieniasta\r\n- niistä tai yski kertakäyttönenäliinaan\r\n- älä käytä tilaa, jos olet sairas\r\nStudio 6 on 1-3:lle henkilölle soveltuva tila soittamiseen, laulamiseen ja DJ-käyttöön. Tilasta löytyy mm. piano, DJ-laitteet, kitaravahvistin ja Djembe. Studiossa ei ole tällä hetkellä äänitysmahdollisuutta.\r\n________________________________________________________________________\r\nTilan varustelu:\r\nYamaha U3, piano\r\nTechnics SL-1210GR (2kpl), levysoittimet\r\nPioneer CDJ-2000NXS2 (2kpl), DJ CD-soittimet\r\nPioneer DJM-900NXS2, DJ-mikseri\r\nVox VT20X, kitaravahvistin\r\nAmpeg BA-115, bassovahvistin\r\nOssi Percussion Djembe\r\nSinga -karaokestreamauspalvelu\r\n________________________________________________________________________\r\nLisätietoa: oodi.kaupunkiverstas@hel.fi",
            "description_en": "",
            "description_sv": "",
            "reservation_unit_type": 1,
            "require_introduction": true,
            "terms_of_use": "Kirjaston varattavien tilojen yleiset käyttösäännöt:\r\n1. Varattu tila kalusteineen on vuokralaisen käytettävissä sopimuksessa määriteltynä aikana.\r\n2. Mahdollisten alkuvalmistelujen ja loppusiivouksen tulee sisältyä varattuun aikaan. Varaus laskutetaan täysiltä tunneilta.\r\n3. Peruuttamatta jääneet varaukset laskutetaan.\r\n4. Vuokraajan tulee olla täysi-ikäinen.\r\n5. Kirjastossa ei voi järjestää kursseja tai toistuvia tilaisuuksia, joista otetaan pääsy- tai osallistumismaksu (koskien myös materiaalikuluja). Yksittäisiä osallistujille maksullisia tapahtumia voi järjestää.\r\n6. Vuokrausajan päättyessä vuokraajan tulee jättää tila samaan kuntoon kuin se oli vuokrausajan alkaessa.\r\n7. Vuokraaja on korvausvelvollinen, mikäli tilan käyttäjät aiheuttavat vahinkoa kiinteistölle tai irtaimistolle. Vahingoista on ilmoitettava välittömästi kirjaston henkilökunnalle.\r\n8. Vuokrattavassa tilassa järjestettävä tilaisuus ei saa häiritä muuta kirjaston toimintaa, asiakkaita tai käyttäjiä.\r\n9. Vuokrattavassa tilassa järjestettävän tilaisuuden sisältö tai luonne ei voi olla ristiriidassa Suomen lain kanssa tai hyvän tavan vastainen.\r\n10. Kirjastolla on tarvittaessa ja harkintansa mukaan oikeus evätä vuokralaisen pääsy vuokrattavaan tilaan tai keskeyttää vuokrattavassa tilassa järjestettävä tilaisuus, mikäli ilmenee, että edellä mainittuja sääntöjä rikotaan tai on rikottu.",
            "terms_of_use_fi": "Kirjaston varattavien tilojen yleiset käyttösäännöt:\r\n1. Varattu tila kalusteineen on vuokralaisen käytettävissä sopimuksessa määriteltynä aikana.\r\n2. Mahdollisten alkuvalmistelujen ja loppusiivouksen tulee sisältyä varattuun aikaan. Varaus laskutetaan täysiltä tunneilta.\r\n3. Peruuttamatta jääneet varaukset laskutetaan.\r\n4. Vuokraajan tulee olla täysi-ikäinen.\r\n5. Kirjastossa ei voi järjestää kursseja tai toistuvia tilaisuuksia, joista otetaan pääsy- tai osallistumismaksu (koskien myös materiaalikuluja). Yksittäisiä osallistujille maksullisia tapahtumia voi järjestää.\r\n6. Vuokrausajan päättyessä vuokraajan tulee jättää tila samaan kuntoon kuin se oli vuokrausajan alkaessa.\r\n7. Vuokraaja on korvausvelvollinen, mikäli tilan käyttäjät aiheuttavat vahinkoa kiinteistölle tai irtaimistolle. Vahingoista on ilmoitettava välittömästi kirjaston henkilökunnalle.\r\n8. Vuokrattavassa tilassa järjestettävä tilaisuus ei saa häiritä muuta kirjaston toimintaa, asiakkaita tai käyttäjiä.\r\n9. Vuokrattavassa tilassa järjestettävän tilaisuuden sisältö tai luonne ei voi olla ristiriidassa Suomen lain kanssa tai hyvän tavan vastainen.\r\n10. Kirjastolla on tarvittaessa ja harkintansa mukaan oikeus evätä vuokralaisen pääsy vuokrattavaan tilaan tai keskeyttää vuokrattavassa tilassa järjestettävä tilaisuus, mikäli ilmenee, että edellä mainittuja sääntöjä rikotaan tai on rikottu.",
            "terms_of_use_en": null,
            "terms_of_use_sv": null,
            "unit": 2,
            "contact_information": "",
            "max_reservation_duration": null,
            "min_reservation_duration": null,
            "uuid": "9642f5ac-ec4e-43b0-9134-24be91a859db",
            "is_draft": false,
            "max_persons": null,
            "surface_area": null,
            "buffer_time_after": null,
            "buffer_time_before": null,
            "hauki_resource_id": null,
            "spaces": [
                1
            ],
            "keyword_groups": [],
            "resources": [],
            "services": [
                2
            ],
            "purposes": [],
            "equipments": [
                1
            ]
        }
    },
    {
        "model": "reservation_units.reservationunit",
        "pk": 3,
        "fields": {
            "name": "Mika Waltarin sali, kolmasosa",
            "name_fi": "Mika Waltarin sali, kolmasosa",
            "name_en": null,
            "name_sv": null,
            "description": "Mika Waltari -sali kirjaston 4. kerroksessa on vuokrattavissa sekä kokouksia että erilaisia tilaisuuk­sia ja tapahtumia varten. Mika Waltari -salissa on tilaa yhteensä sadalle hengelle. Tilan yhteydessä on keittiö. Salissa on Helsingin kaupungin langaton verkkoyhteys Stadinetti sekä data­projektori, langaton ClickShare-kuvansiirtojärjestelmä, kaiuttimet ja lehtiötaulu. Mika Waltari -sali on tarkoitettu lähinnä eri­laisten järjestöjen, yhdistys­ten ja muiden pienryhmien ei-kaupalliseen käyttöön, enintään kahdek­san tunnin ajaksi. Tilan vuokra on 40€/100 € alkavalta tunnilta. Mikäli tilassa halutaan järjestää avoin yleisötilai­suus yhteistyössä kirjas­ton kanssa, tulee asiasta sopia sähkö­postitse toolon_kirjasto@hel.fi",
            "description_fi": "Mika Waltari -sali kirjaston 4. kerroksessa on vuokrattavissa sekä kokouksia että erilaisia tilaisuuk­sia ja tapahtumia varten. Mika Waltari -salissa on tilaa yhteensä sadalle hengelle. Tilan yhteydessä on keittiö. Salissa on Helsingin kaupungin langaton verkkoyhteys Stadinetti sekä data­projektori, langaton ClickShare-kuvansiirtojärjestelmä, kaiuttimet ja lehtiötaulu. Mika Waltari -sali on tarkoitettu lähinnä eri­laisten järjestöjen, yhdistys­ten ja muiden pienryhmien ei-kaupalliseen käyttöön, enintään kahdek­san tunnin ajaksi. Tilan vuokra on 40€/100 € alkavalta tunnilta. Mikäli tilassa halutaan järjestää avoin yleisötilai­suus yhteistyössä kirjas­ton kanssa, tulee asiasta sopia sähkö­postitse toolon_kirjasto@hel.fi",
            "description_en": "",
            "description_sv": "",
            "reservation_unit_type": 2,
            "require_introduction": false,
            "terms_of_use": "Kirjaston varattavien tilojen yleiset käyttösäännöt:\r\n1. Varattu tila kalusteineen on vuokralaisen käytettävissä sopimuksessa määriteltynä aikana.\r\n2. Mahdollisten alkuvalmistelujen ja loppusiivouksen tulee sisältyä varattuun aikaan. Varaus laskutetaan täysiltä tunneilta.\r\n3. Peruuttamatta jääneet varaukset laskutetaan.\r\n4. Vuokraajan tulee olla täysi-ikäinen.\r\n5. Kirjastossa ei voi järjestää kursseja tai toistuvia tilaisuuksia, joista otetaan pääsy- tai osallistumismaksu (koskien myös materiaalikuluja). Yksittäisiä osallistujille maksullisia tapahtumia voi järjestää.\r\n6. Vuokrausajan päättyessä vuokraajan tulee jättää tila samaan kuntoon kuin se oli vuokrausajan alkaessa.\r\n7. Vuokraaja on korvausvelvollinen, mikäli tilan käyttäjät aiheuttavat vahinkoa kiinteistölle tai irtaimistolle. Vahingoista on ilmoitettava välittömästi kirjaston henkilökunnalle.\r\n8. Vuokrattavassa tilassa järjestettävä tilaisuus ei saa häiritä muuta kirjaston toimintaa, asiakkaita tai käyttäjiä.\r\n9. Vuokrattavassa tilassa järjestettävän tilaisuuden sisältö tai luonne ei voi olla ristiriidassa Suomen lain kanssa tai hyvän tavan vastainen.\r\n10. Kirjastolla on tarvittaessa ja harkintansa mukaan oikeus evätä vuokralaisen pääsy vuokrattavaan tilaan tai keskeyttää vuokrattavassa tilassa järjestettävä tilaisuus, mikäli ilmenee, että edellä mainittuja sääntöjä rikotaan tai on rikottu.",
            "terms_of_use_fi": "Kirjaston varattavien tilojen yleiset käyttösäännöt:\r\n1. Varattu tila kalusteineen on vuokralaisen käytettävissä sopimuksessa määriteltynä aikana.\r\n2. Mahdollisten alkuvalmistelujen ja loppusiivouksen tulee sisältyä varattuun aikaan. Varaus laskutetaan täysiltä tunneilta.\r\n3. Peruuttamatta jääneet varaukset laskutetaan.\r\n4. Vuokraajan tulee olla täysi-ikäinen.\r\n5. Kirjastossa ei voi järjestää kursseja tai toistuvia tilaisuuksia, joista otetaan pääsy- tai osallistumismaksu (koskien myös materiaalikuluja). Yksittäisiä osallistujille maksullisia tapahtumia voi järjestää.\r\n6. Vuokrausajan päättyessä vuokraajan tulee jättää tila samaan kuntoon kuin se oli vuokrausajan alkaessa.\r\n7. Vuokraaja on korvausvelvollinen, mikäli tilan käyttäjät aiheuttavat vahinkoa kiinteistölle tai irtaimistolle. Vahingoista on ilmoitettava välittömästi kirjaston henkilökunnalle.\r\n8. Vuokrattavassa tilassa järjestettävä tilaisuus ei saa häiritä muuta kirjaston toimintaa, asiakkaita tai käyttäjiä.\r\n9. Vuokrattavassa tilassa järjestettävän tilaisuuden sisältö tai luonne ei voi olla ristiriidassa Suomen lain kanssa tai hyvän tavan vastainen.\r\n10. Kirjastolla on tarvittaessa ja harkintansa mukaan oikeus evätä vuokralaisen pääsy vuokrattavaan tilaan tai keskeyttää vuokrattavassa tilassa järjestettävä tilaisuus, mikäli ilmenee, että edellä mainittuja sääntöjä rikotaan tai on rikottu.",
            "terms_of_use_en": null,
            "terms_of_use_sv": null,
            "unit": 1,
            "contact_information": "",
            "max_reservation_duration": null,
            "min_reservation_duration": null,
            "uuid": "c64aa1f0-2a07-4d7c-ac94-71c3a2cb44e9",
            "is_draft": false,
            "max_persons": null,
            "surface_area": null,
            "buffer_time_after": null,
            "buffer_time_before": null,
            "hauki_resource_id": null,
            "spaces": [
                7
            ],
            "keyword_groups": [],
            "resources": [],
            "services": [
                1
            ],
            "purposes": [
                2,
                4
            ],
            "equipments": []
        }
    },
    {
        "model": "reservation_units.reservationunit",
        "pk": 4,
        "fields": {
            "name": "Mika Waltarin sali, kolmasosa",
            "name_fi": "Mika Waltarin sali, kolmasosa",
            "name_en": null,
            "name_sv": null,
            "description": "Mika Waltari -salissa, kirjaston suurimmassa tilassa, järjestetään paljon eri­laisia tapahtu­mia ja tilai­suuk­sia. Salia vuokrataan myöskin mm. erilaisten järjestöjen ja yhdistys­ten käyttöön.",
            "description_fi": "Mika Waltari -salissa, kirjaston suurimmassa tilassa, järjestetään paljon eri­laisia tapahtu­mia ja tilai­suuk­sia. Salia vuokrataan myöskin mm. erilaisten järjestöjen ja yhdistys­ten käyttöön.",
            "description_en": "",
            "description_sv": "",
            "reservation_unit_type": 2,
            "require_introduction": false,
            "terms_of_use": "Kirjaston varattavien tilojen yleiset käyttösäännöt:\r\n1. Varattu tila kalusteineen on vuokralaisen käytettävissä sopimuksessa määriteltynä aikana.\r\n2. Mahdollisten alkuvalmistelujen ja loppusiivouksen tulee sisältyä varattuun aikaan. Varaus laskutetaan täysiltä tunneilta.\r\n3. Peruuttamatta jääneet varaukset laskutetaan.\r\n4. Vuokraajan tulee olla täysi-ikäinen.\r\n5. Kirjastossa ei voi järjestää kursseja tai toistuvia tilaisuuksia, joista otetaan pääsy- tai osallistumismaksu (koskien myös materiaalikuluja). Yksittäisiä osallistujille maksullisia tapahtumia voi järjestää.\r\n6. Vuokrausajan päättyessä vuokraajan tulee jättää tila samaan kuntoon kuin se oli vuokrausajan alkaessa.\r\n7. Vuokraaja on korvausvelvollinen, mikäli tilan käyttäjät aiheuttavat vahinkoa kiinteistölle tai irtaimistolle. Vahingoista on ilmoitettava välittömästi kirjaston henkilökunnalle.\r\n8. Vuokrattavassa tilassa järjestettävä tilaisuus ei saa häiritä muuta kirjaston toimintaa, asiakkaita tai käyttäjiä.\r\n9. Vuokrattavassa tilassa järjestettävän tilaisuuden sisältö tai luonne ei voi olla ristiriidassa Suomen lain kanssa tai hyvän tavan vastainen.\r\n10. Kirjastolla on tarvittaessa ja harkintansa mukaan oikeus evätä vuokralaisen pääsy vuokrattavaan tilaan tai keskeyttää vuokrattavassa tilassa järjestettävä tilaisuus, mikäli ilmenee, että edellä mainittuja sääntöjä rikotaan tai on rikottu.",
            "terms_of_use_fi": "Kirjaston varattavien tilojen yleiset käyttösäännöt:\r\n1. Varattu tila kalusteineen on vuokralaisen käytettävissä sopimuksessa määriteltynä aikana.\r\n2. Mahdollisten alkuvalmistelujen ja loppusiivouksen tulee sisältyä varattuun aikaan. Varaus laskutetaan täysiltä tunneilta.\r\n3. Peruuttamatta jääneet varaukset laskutetaan.\r\n4. Vuokraajan tulee olla täysi-ikäinen.\r\n5. Kirjastossa ei voi järjestää kursseja tai toistuvia tilaisuuksia, joista otetaan pääsy- tai osallistumismaksu (koskien myös materiaalikuluja). Yksittäisiä osallistujille maksullisia tapahtumia voi järjestää.\r\n6. Vuokrausajan päättyessä vuokraajan tulee jättää tila samaan kuntoon kuin se oli vuokrausajan alkaessa.\r\n7. Vuokraaja on korvausvelvollinen, mikäli tilan käyttäjät aiheuttavat vahinkoa kiinteistölle tai irtaimistolle. Vahingoista on ilmoitettava välittömästi kirjaston henkilökunnalle.\r\n8. Vuokrattavassa tilassa järjestettävä tilaisuus ei saa häiritä muuta kirjaston toimintaa, asiakkaita tai käyttäjiä.\r\n9. Vuokrattavassa tilassa järjestettävän tilaisuuden sisältö tai luonne ei voi olla ristiriidassa Suomen lain kanssa tai hyvän tavan vastainen.\r\n10. Kirjastolla on tarvittaessa ja harkintansa mukaan oikeus evätä vuokralaisen pääsy vuokrattavaan tilaan tai keskeyttää vuokrattavassa tilassa järjestettävä tilaisuus, mikäli ilmenee, että edellä mainittuja sääntöjä rikotaan tai on rikottu.",
            "terms_of_use_en": null,
            "terms_of_use_sv": null,
            "unit": 1,
            "contact_information": "",
            "max_reservation_duration": null,
            "min_reservation_duration": null,
            "uuid": "2e15ebea-4c53-45de-9432-3d9a2b34e6e6",
            "is_draft": false,
            "max_persons": null,
            "surface_area": null,
            "buffer_time_after": null,
            "buffer_time_before": null,
            "hauki_resource_id": null,
            "spaces": [
                8
            ],
            "keyword_groups": [],
            "resources": [],
            "services": [
                1
            ],
            "purposes": [
                2,
                4
            ],
            "equipments": []
        }
    },
    {
        "model": "reservation_units.reservationunit",
        "pk": 5,
        "fields": {
            "name": "Mika Waltarin sali, kolmasosa",
            "name_fi": "Mika Waltarin sali, kolmasosa",
            "name_en": null,
            "name_sv": null,
            "description": "Mika Waltari -salissa, kirjaston suurimmassa tilassa, järjestetään paljon eri­laisia tapahtu­mia ja tilai­suuk­sia. Salia vuokrataan myöskin mm. erilaisten järjestöjen ja yhdistys­ten käyttöön.",
            "description_fi": "Mika Waltari -salissa, kirjaston suurimmassa tilassa, järjestetään paljon eri­laisia tapahtu­mia ja tilai­suuk­sia. Salia vuokrataan myöskin mm. erilaisten järjestöjen ja yhdistys­ten käyttöön.",
            "description_en": "",
            "description_sv": "",
            "reservation_unit_type": 2,
            "require_introduction": false,
            "terms_of_use": "Kirjaston varattavien tilojen yleiset käyttösäännöt:\r\n1. Varattu tila kalusteineen on vuokralaisen käytettävissä sopimuksessa määriteltynä aikana.\r\n2. Mahdollisten alkuvalmistelujen ja loppusiivouksen tulee sisältyä varattuun aikaan. Varaus laskutetaan täysiltä tunneilta.\r\n3. Peruuttamatta jääneet varaukset laskutetaan.\r\n4. Vuokraajan tulee olla täysi-ikäinen.\r\n5. Kirjastossa ei voi järjestää kursseja tai toistuvia tilaisuuksia, joista otetaan pääsy- tai osallistumismaksu (koskien myös materiaalikuluja). Yksittäisiä osallistujille maksullisia tapahtumia voi järjestää.\r\n6. Vuokrausajan päättyessä vuokraajan tulee jättää tila samaan kuntoon kuin se oli vuokrausajan alkaessa.\r\n7. Vuokraaja on korvausvelvollinen, mikäli tilan käyttäjät aiheuttavat vahinkoa kiinteistölle tai irtaimistolle. Vahingoista on ilmoitettava välittömästi kirjaston henkilökunnalle.\r\n8. Vuokrattavassa tilassa järjestettävä tilaisuus ei saa häiritä muuta kirjaston toimintaa, asiakkaita tai käyttäjiä.\r\n9. Vuokrattavassa tilassa järjestettävän tilaisuuden sisältö tai luonne ei voi olla ristiriidassa Suomen lain kanssa tai hyvän tavan vastainen.\r\n10. Kirjastolla on tarvittaessa ja harkintansa mukaan oikeus evätä vuokralaisen pääsy vuokrattavaan tilaan tai keskeyttää vuokrattavassa tilassa järjestettävä tilaisuus, mikäli ilmenee, että edellä mainittuja sääntöjä rikotaan tai on rikottu.",
            "terms_of_use_fi": "Kirjaston varattavien tilojen yleiset käyttösäännöt:\r\n1. Varattu tila kalusteineen on vuokralaisen käytettävissä sopimuksessa määriteltynä aikana.\r\n2. Mahdollisten alkuvalmistelujen ja loppusiivouksen tulee sisältyä varattuun aikaan. Varaus laskutetaan täysiltä tunneilta.\r\n3. Peruuttamatta jääneet varaukset laskutetaan.\r\n4. Vuokraajan tulee olla täysi-ikäinen.\r\n5. Kirjastossa ei voi järjestää kursseja tai toistuvia tilaisuuksia, joista otetaan pääsy- tai osallistumismaksu (koskien myös materiaalikuluja). Yksittäisiä osallistujille maksullisia tapahtumia voi järjestää.\r\n6. Vuokrausajan päättyessä vuokraajan tulee jättää tila samaan kuntoon kuin se oli vuokrausajan alkaessa.\r\n7. Vuokraaja on korvausvelvollinen, mikäli tilan käyttäjät aiheuttavat vahinkoa kiinteistölle tai irtaimistolle. Vahingoista on ilmoitettava välittömästi kirjaston henkilökunnalle.\r\n8. Vuokrattavassa tilassa järjestettävä tilaisuus ei saa häiritä muuta kirjaston toimintaa, asiakkaita tai käyttäjiä.\r\n9. Vuokrattavassa tilassa järjestettävän tilaisuuden sisältö tai luonne ei voi olla ristiriidassa Suomen lain kanssa tai hyvän tavan vastainen.\r\n10. Kirjastolla on tarvittaessa ja harkintansa mukaan oikeus evätä vuokralaisen pääsy vuokrattavaan tilaan tai keskeyttää vuokrattavassa tilassa järjestettävä tilaisuus, mikäli ilmenee, että edellä mainittuja sääntöjä rikotaan tai on rikottu.",
            "terms_of_use_en": null,
            "terms_of_use_sv": null,
            "unit": 1,
            "contact_information": "",
            "max_reservation_duration": null,
            "min_reservation_duration": null,
            "uuid": "e8271a1f-d99b-4fdd-8535-a91ac3090b02",
            "is_draft": false,
            "max_persons": null,
            "surface_area": null,
            "buffer_time_after": null,
            "buffer_time_before": null,
            "hauki_resource_id": null,
            "spaces": [
                9
            ],
            "keyword_groups": [],
            "resources": [],
            "services": [
                1
            ],
            "purposes": [],
            "equipments": []
        }
    },
    {
        "model": "reservation_units.reservationunit",
        "pk": 6,
        "fields": {
            "name": "Mika Waltarin sali",
            "name_fi": "Mika Waltarin sali",
            "name_en": null,
            "name_sv": null,
            "description": "Mika Waltari -salissa, kirjaston suurimmassa tilassa, järjestetään paljon eri­laisia tapahtu­mia ja tilai­suuk­sia. Salia vuokrataan myöskin mm. erilaisten järjestöjen ja yhdistys­ten käyttöön.",
            "description_fi": "Mika Waltari -salissa, kirjaston suurimmassa tilassa, järjestetään paljon eri­laisia tapahtu­mia ja tilai­suuk­sia. Salia vuokrataan myöskin mm. erilaisten järjestöjen ja yhdistys­ten käyttöön.",
            "description_en": "",
            "description_sv": "",
            "reservation_unit_type": 2,
            "require_introduction": false,
            "terms_of_use": "Kirjaston varattavien tilojen yleiset käyttösäännöt:\r\n1. Varattu tila kalusteineen on vuokralaisen käytettävissä sopimuksessa määriteltynä aikana.\r\n2. Mahdollisten alkuvalmistelujen ja loppusiivouksen tulee sisältyä varattuun aikaan. Varaus laskutetaan täysiltä tunneilta.\r\n3. Peruuttamatta jääneet varaukset laskutetaan.\r\n4. Vuokraajan tulee olla täysi-ikäinen.\r\n5. Kirjastossa ei voi järjestää kursseja tai toistuvia tilaisuuksia, joista otetaan pääsy- tai osallistumismaksu (koskien myös materiaalikuluja). Yksittäisiä osallistujille maksullisia tapahtumia voi järjestää.\r\n6. Vuokrausajan päättyessä vuokraajan tulee jättää tila samaan kuntoon kuin se oli vuokrausajan alkaessa.\r\n7. Vuokraaja on korvausvelvollinen, mikäli tilan käyttäjät aiheuttavat vahinkoa kiinteistölle tai irtaimistolle. Vahingoista on ilmoitettava välittömästi kirjaston henkilökunnalle.\r\n8. Vuokrattavassa tilassa järjestettävä tilaisuus ei saa häiritä muuta kirjaston toimintaa, asiakkaita tai käyttäjiä.\r\n9. Vuokrattavassa tilassa järjestettävän tilaisuuden sisältö tai luonne ei voi olla ristiriidassa Suomen lain kanssa tai hyvän tavan vastainen.\r\n10. Kirjastolla on tarvittaessa ja harkintansa mukaan oikeus evätä vuokralaisen pääsy vuokrattavaan tilaan tai keskeyttää vuokrattavassa tilassa järjestettävä tilaisuus, mikäli ilmenee, että edellä mainittuja sääntöjä rikotaan tai on rikottu.",
            "terms_of_use_fi": "Kirjaston varattavien tilojen yleiset käyttösäännöt:\r\n1. Varattu tila kalusteineen on vuokralaisen käytettävissä sopimuksessa määriteltynä aikana.\r\n2. Mahdollisten alkuvalmistelujen ja loppusiivouksen tulee sisältyä varattuun aikaan. Varaus laskutetaan täysiltä tunneilta.\r\n3. Peruuttamatta jääneet varaukset laskutetaan.\r\n4. Vuokraajan tulee olla täysi-ikäinen.\r\n5. Kirjastossa ei voi järjestää kursseja tai toistuvia tilaisuuksia, joista otetaan pääsy- tai osallistumismaksu (koskien myös materiaalikuluja). Yksittäisiä osallistujille maksullisia tapahtumia voi järjestää.\r\n6. Vuokrausajan päättyessä vuokraajan tulee jättää tila samaan kuntoon kuin se oli vuokrausajan alkaessa.\r\n7. Vuokraaja on korvausvelvollinen, mikäli tilan käyttäjät aiheuttavat vahinkoa kiinteistölle tai irtaimistolle. Vahingoista on ilmoitettava välittömästi kirjaston henkilökunnalle.\r\n8. Vuokrattavassa tilassa järjestettävä tilaisuus ei saa häiritä muuta kirjaston toimintaa, asiakkaita tai käyttäjiä.\r\n9. Vuokrattavassa tilassa järjestettävän tilaisuuden sisältö tai luonne ei voi olla ristiriidassa Suomen lain kanssa tai hyvän tavan vastainen.\r\n10. Kirjastolla on tarvittaessa ja harkintansa mukaan oikeus evätä vuokralaisen pääsy vuokrattavaan tilaan tai keskeyttää vuokrattavassa tilassa järjestettävä tilaisuus, mikäli ilmenee, että edellä mainittuja sääntöjä rikotaan tai on rikottu.",
            "terms_of_use_en": null,
            "terms_of_use_sv": null,
            "unit": 1,
            "contact_information": "",
            "max_reservation_duration": null,
            "min_reservation_duration": null,
            "uuid": "8cc82051-07ff-42b2-a3cb-7215c4bfdc3d",
            "is_draft": false,
            "max_persons": null,
            "surface_area": null,
            "buffer_time_after": null,
            "buffer_time_before": null,
            "hauki_resource_id": null,
            "spaces": [
                2
            ],
            "keyword_groups": [],
            "resources": [],
            "services": [
                1
            ],
            "purposes": [],
            "equipments": []
        }
    },
    {
        "model": "reservation_units.reservationunit",
        "pk": 7,
        "fields": {
            "name": "Fredriksbergin 2-talon aula",
            "name_fi": "Fredriksbergin 2-talon aula",
            "name_en": null,
            "name_sv": null,
            "description": "Fredriksberg on elävä ja avoin kaupunkitila myös muille kuin siellä työskenteleville. Siellä on viihtyisä trendiravintola Alice Italian, joka palvelee yhtä lailla sekä toimistotalon vuokralaisia että kaikkia kaupunkilaisia. Ravintola on auki myös ilta-aikaan, mikä vilkastuttaa Fredriksbergin kulmia. B-talon ylimpään kerrokseen on avattu kesällä 2020 LoiLoi Rooftop Restaurant and Distillery. Fredriksbergin aulapalvelut on innovoitu aivan uudelle tasolle niin, että toimistotalossa työskentely on mahdollisimman helppoa ja vaivatonta. Wonderland on Fredriksbergin coworking-yhteisö, joka on uusi tapa tehdä töitä. Lyhytaikaiseen vuokraukseen tarkoitettu luova työtila on kaikkien käytössä. Lisäksi Fredriksbergistä löytyvät viihtyisät suihku- ja pukeutumistilat sekä runsaasti pyöräparkkitilaa työmatkapyöräilystä innostuneille. Sähköautot voi ladata helposti omissa latauspisteissään. Lähietäisyydellä on yli 100 ravintolaa ja palveluita tulee jatkuvasti lisää.",
            "description_fi": "Fredriksberg on elävä ja avoin kaupunkitila myös muille kuin siellä työskenteleville. Siellä on viihtyisä trendiravintola Alice Italian, joka palvelee yhtä lailla sekä toimistotalon vuokralaisia että kaikkia kaupunkilaisia. Ravintola on auki myös ilta-aikaan, mikä vilkastuttaa Fredriksbergin kulmia. B-talon ylimpään kerrokseen on avattu kesällä 2020 LoiLoi Rooftop Restaurant and Distillery. Fredriksbergin aulapalvelut on innovoitu aivan uudelle tasolle niin, että toimistotalossa työskentely on mahdollisimman helppoa ja vaivatonta. Wonderland on Fredriksbergin coworking-yhteisö, joka on uusi tapa tehdä töitä. Lyhytaikaiseen vuokraukseen tarkoitettu luova työtila on kaikkien käytössä. Lisäksi Fredriksbergistä löytyvät viihtyisät suihku- ja pukeutumistilat sekä runsaasti pyöräparkkitilaa työmatkapyöräilystä innostuneille. Sähköautot voi ladata helposti omissa latauspisteissään. Lähietäisyydellä on yli 100 ravintolaa ja palveluita tulee jatkuvasti lisää.",
            "description_en": "",
            "description_sv": "",
            "reservation_unit_type": 2,
            "require_introduction": false,
            "terms_of_use": "",
            "terms_of_use_fi": "",
            "terms_of_use_en": null,
            "terms_of_use_sv": null,
            "unit": 3,
            "contact_information": "",
            "max_reservation_duration": null,
            "min_reservation_duration": null,
            "uuid": "8e5275aa-8625-4458-88b4-d5b1b2df6619",
            "is_draft": false,
            "max_persons": null,
            "surface_area": null,
            "buffer_time_after": null,
            "buffer_time_before": null,
            "hauki_resource_id": null,
            "spaces": [
                10
            ],
            "keyword_groups": [],
            "resources": [],
            "services": [
                1
            ],
            "purposes": [],
            "equipments": []
        }
    },
    {
        "model": "reservation_units.reservationunit",
        "pk": 9,
        "fields": {
            "name": "Toimistohuone 1",
            "name_fi": "Toimistohuone 1",
            "name_en": null,
            "name_sv": null,
            "description": "",
            "description_fi": "",
            "description_en": "",
            "description_sv": "",
            "reservation_unit_type": 2,
            "require_introduction": false,
            "terms_of_use": "",
            "terms_of_use_fi": "",
            "terms_of_use_en": null,
            "terms_of_use_sv": null,
            "unit": 4,
            "contact_information": "",
            "max_reservation_duration": null,
            "min_reservation_duration": null,
            "uuid": "9503a7ff-335e-4feb-8306-2f5712bfb4ad",
            "is_draft": false,
            "max_persons": null,
            "surface_area": null,
            "buffer_time_after": null,
            "buffer_time_before": null,
            "hauki_resource_id": null,
            "spaces": [
                36
            ],
            "keyword_groups": [],
            "resources": [],
            "services": [],
            "purposes": [
                4
            ],
            "equipments": []
        }
    },
    {
        "model": "reservation_units.purpose",
        "pk": 1,
        "fields": {
            "name": "Järjestä tapahtuma tai näytös",
            "name_fi": "Järjestä tapahtuma tai näytös",
            "name_en": null,
            "name_sv": null
        }
    },
    {
        "model": "reservation_units.purpose",
        "pk": 2,
        "fields": {
            "name": "Sauno tai mökkeile",
            "name_fi": "Sauno tai mökkeile",
            "name_en": null,
            "name_sv": null
        }
    },
    {
        "model": "reservation_units.purpose",
        "pk": 3,
        "fields": {
            "name": "Pidä kokous",
            "name_fi": "Pidä kokous",
            "name_en": null,
            "name_sv": null
        }
    },
    {
        "model": "reservation_units.purpose",
        "pk": 4,
        "fields": {
            "name": "Vietä vapaa-aikaa",
            "name_fi": "Vietä vapaa-aikaa",
            "name_en": null,
            "name_sv": null
        }
    },
    {
        "model": "reservation_units.period",
        "pk": 1,
        "fields": {
            "reservation_length_type": "within_day",
            "reservation_unit": 7,
            "start": "2021-01-01",
            "end": "2021-06-01",
            "name": "Alkuvuosi",
            "name_fi": "Alkuvuosi",
            "name_en": "",
            "name_sv": "",
            "description": null,
            "description_fi": null,
            "description_en": null,
            "description_sv": null,
            "closed": false
        }
    },
    {
        "model": "reservation_units.period",
        "pk": 2,
        "fields": {
            "reservation_length_type": "within_day",
            "reservation_unit": 1,
            "start": "2020-12-18",
            "end": "2020-12-18",
            "name": "hretrthtr",
            "name_fi": "hretrthtr",
            "name_en": "",
            "name_sv": "",
            "description": null,
            "description_fi": null,
            "description_en": null,
            "description_sv": null,
            "closed": false
        }
    },
    {
        "model": "reservation_units.day",
        "pk": 1,
        "fields": {
            "period": 1,
            "weekday": 0,
            "opens": "08:00:00",
            "closes": "20:00:00"
        }
    },
    {
        "model": "reservation_units.day",
        "pk": 2,
        "fields": {
            "period": 1,
            "weekday": 1,
            "opens": "08:00:00",
            "closes": "20:00:00"
        }
    },
    {
        "model": "reservation_units.day",
        "pk": 5,
        "fields": {
            "period": 1,
            "weekday": 2,
            "opens": "08:00:00",
            "closes": "20:00:00"
        }
    },
    {
        "model": "reservation_units.day",
        "pk": 6,
        "fields": {
            "period": 1,
            "weekday": 3,
            "opens": "06:00:00",
            "closes": "21:00:00"
        }
    },
    {
        "model": "reservation_units.day",
        "pk": 7,
        "fields": {
            "period": 2,
            "weekday": 0,
            "opens": "11:00:00",
            "closes": "12:00:00"
        }
    },
    {
        "model": "reservation_units.daypart",
        "pk": 1,
        "fields": {
            "allowed_group": "allowed_staff",
            "begin": "08:00:00",
            "end": "12:00:00",
            "day": 1
        }
    },
    {
        "model": "reservation_units.daypart",
        "pk": 2,
        "fields": {
            "allowed_group": "allowed_everyone",
            "begin": "12:00:00",
            "end": "20:00:00",
            "day": 1
        }
    },
    {
        "model": "reservation_units.daypart",
        "pk": 3,
        "fields": {
            "allowed_group": "allowed_staff",
            "begin": "08:00:00",
            "end": "12:00:00",
            "day": 2
        }
    },
    {
        "model": "reservation_units.daypart",
        "pk": 4,
        "fields": {
            "allowed_group": "allowed_everyone",
            "begin": "12:00:00",
            "end": "20:00:00",
            "day": 2
        }
    },
    {
        "model": "reservations.recurringreservation",
        "pk": 1,
        "fields": {
            "user": null,
            "application": null,
            "application_event": 1,
            "age_group": 1,
            "ability_group": 1,
            "reservation_unit": 1,
            "name": "",
            "created": "2021-01-28T06:00:00.000Z"
        }
    },
    {
        "model": "reservations.reservationcancelreason",
        "pk": 1,
        "fields": {
            "reason": "Tuplabuukkaus",
            "reason_fi": "Tuplabuukkaus",
            "reason_en": "Double booking",
            "reason_sv": "Double booking"
        }
    },
    {
        "model": "reservations.reservation",
        "pk": 1,
        "fields": {
            "reservee_first_name": "",
            "reservee_last_name": "",
            "reservee_phone": "",
            "name": "",
            "description": "",
            "state": "created",
            "priority": 100,
            "user": null,
            "begin": "2021-04-28T04:23:20.521Z",
            "end": "2021-04-28T08:23:20.521Z",
            "buffer_time_before": null,
            "buffer_time_after": null,
            "recurring_reservation": 1,
            "num_persons": null,
            "purpose": null,
            "reservation_unit": [
                9
            ]
        }
    },
    {
        "model": "reservations.reservation",
        "pk": 2,
        "fields": {
            "reservee_first_name": "",
            "reservee_last_name": "",
            "reservee_phone": "",
            "name": "",
            "description": "",
            "state": "created",
            "priority": 100,
            "user": null,
            "begin": "2021-04-28T04:23:20.521Z",
            "end": "2021-04-28T06:23:20.521Z",
            "buffer_time_before": null,
            "buffer_time_after": null,
            "recurring_reservation": null,
            "num_persons": null,
            "purpose": null,
            "reservation_unit": [
                1
            ]
        }
    },
    {
        "model": "reservations.reservation",
        "pk": 3,
        "fields": {
            "reservee_first_name": "",
            "reservee_last_name": "",
            "reservee_phone": "",
            "name": "",
            "description": "",
            "state": "created",
            "priority": 100,
            "user": null,
            "begin": "2021-12-01T01:00:00Z",
            "end": "2021-12-01T02:00:00Z",
            "buffer_time_before": null,
            "buffer_time_after": null,
            "recurring_reservation": null,
            "num_persons": null,
            "purpose": null,
            "reservation_unit": [
                3
            ]
        }
    },
    {
        "model": "applications.person",
        "pk": 1,
        "fields": {
            "email": "",
            "phone_number": "",
            "first_name": "123",
            "last_name": "333"
        }
    },
    {
        "model": "applications.person",
        "pk": 2,
        "fields": {
            "email": "",
            "phone_number": "",
            "first_name": "123",
            "last_name": "333"
        }
    },
    {
        "model": "applications.person",
        "pk": 3,
        "fields": {
            "email": "",
            "phone_number": "",
            "first_name": "123",
            "last_name": "333"
        }
    },
    {
        "model": "applications.person",
        "pk": 4,
        "fields": {
            "email": "",
            "phone_number": "",
            "first_name": "123",
            "last_name": "333"
        }
    },
    {
        "model": "applications.person",
        "pk": 6,
        "fields": {
            "email": "",
            "phone_number": "",
            "first_name": "123",
            "last_name": "333"
        }
    },
    {
        "model": "applications.person",
        "pk": 7,
        "fields": {
            "email": "",
            "phone_number": "",
            "first_name": "55",
            "last_name": "333"
        }
    },
    {
        "model": "applications.organisation",
        "pk": 1,
        "fields": {
            "name": "Kuperkeikkakamut",
            "name_fi": "Kuperkeikkakamut",
            "name_en": null,
            "name_sv": null,
            "identifier": "1234567-8",
            "year_established": 1987,
            "address": null,
            "active_members": 20,
            "core_business": "",
            "core_business_fi": "",
            "core_business_en": null,
            "core_business_sv": null,
            "organisation_type": "company",
            "email": ""
        }
    },
    {
        "model": "applications.organisation",
        "pk": 2,
        "fields": {
            "name": "Ninjat",
            "name_fi": "Ninjat",
            "name_en": null,
            "name_sv": null,
            "identifier": "5346456-8",
            "year_established": 1950,
            "address": null,
            "active_members": 42,
            "core_business": "",
            "core_business_fi": "",
            "core_business_en": null,
            "core_business_sv": null,
            "organisation_type": "company",
            "email": ""
        }
    },
    {
        "model": "applications.organisation",
        "pk": 3,
        "fields": {
            "name": "Merihaan shakkikerho",
            "name_fi": "Merihaan shakkikerho",
            "name_en": null,
            "name_sv": null,
            "identifier": "2354524-2",
            "year_established": 1980,
            "address": null,
            "active_members": 3,
            "core_business": "",
            "core_business_fi": "",
            "core_business_en": null,
            "core_business_sv": null,
            "organisation_type": "company",
            "email": ""
        }
    },
    {
        "model": "applications.applicationroundstatus",
        "pk": 1,
        "fields": {
            "status": "draft",
            "application_round": 1,
            "user": null,
            "timestamp": "2021-03-11T06:20:53.219Z"
        }
    },
    {
        "model": "applications.applicationroundstatus",
        "pk": 2,
        "fields": {
            "status": "draft",
            "application_round": 2,
            "user": null,
            "timestamp": "2021-03-11T06:20:53.223Z"
        }
    },
    {
        "model": "applications.applicationround",
        "pk": 1,
        "fields": {
            "name": "Nuorten liikuntavuorot kevät 2021",
            "name_fi": "Nuorten liikuntavuorot kevät 2021",
            "name_en": null,
            "name_sv": null,
            "target_group": "",
            "allocating": false,
            "application_period_begin": "2021-01-01T00:00:00Z",
            "application_period_end": "2021-01-31T00:00:00Z",
            "reservation_period_begin": "2021-01-01",
            "reservation_period_end": "2021-06-01",
            "public_display_begin": "2021-01-01T00:00:00Z",
            "public_display_end": "2021-01-31T00:00:00Z",
            "service_sector": null,
            "criteria": "",
            "criteria_fi": "",
            "criteria_en": "",
            "criteria_sv": "",
            "reservation_units": [
                2,
                6
            ],
            "purposes": []
        }
    },
    {
        "model": "applications.applicationround",
        "pk": 2,
        "fields": {
            "name": "Toimistotilojen haku kevät 2021",
            "name_fi": "Toimistotilojen haku kevät 2021",
            "name_en": null,
            "name_sv": null,
            "target_group": "",
            "allocating": false,
            "application_period_begin": "2020-12-18T08:01:01Z",
            "application_period_end": "2020-12-31T22:01:06Z",
            "reservation_period_begin": "2021-01-01",
            "reservation_period_end": "2021-06-01",
            "public_display_begin": "2020-12-18T00:00:00Z",
            "public_display_end": "2020-12-31T00:00:00Z",
            "service_sector": null,
            "criteria": "",
            "criteria_fi": "",
            "criteria_en": "",
            "criteria_sv": "",
            "reservation_units": [
                6,
                7,
                9
            ],
            "purposes": [
                2,
                4
            ]
        }
    },
    {
        "model": "applications.applicationroundaggregatedata",
        "pk": 1,
        "fields": {
            "name": "total_hour_capacity",
            "value": 700.0,
            "application_round": 1
        }
    },
    {
        "model": "applications.applicationroundaggregatedata",
        "pk": 2,
        "fields": {
            "name": "total_reservation_duration",
            "value": 70.0,
            "application_round": 1
        }
    },
    {
        "model": "applications.city",
        "pk": 1,
        "fields": {
            "name": "Helsinki",
            "name_fi": "Helsinki",
            "name_en": null,
            "name_sv": null
        }
    },
    {
        "model": "applications.applicationroundbasket",
        "pk": 1,
        "fields": {
            "name": "Kori A",
            "name_fi": "Kori A",
            "name_en": null,
            "name_sv": null,
            "application_round": 1,
            "must_be_main_purpose_of_applicant": false,
            "customer_type": "[\"nonprofit\"]",
            "home_city": 1,
            "allocation_percentage": 0,
            "order_number": 1,
            "purposes": [
                1
            ],
            "age_groups": []
        }
    },
    {
        "model": "applications.applicationstatus",
        "pk": 1,
        "fields": {
            "status": "draft",
            "application": 1,
            "user": null,
            "timestamp": "2021-03-11T06:20:53.229Z"
        }
    },
    {
        "model": "applications.applicationstatus",
        "pk": 2,
        "fields": {
            "status": "draft",
            "application": 2,
            "user": null,
            "timestamp": "2021-03-11T06:20:53.231Z"
        }
    },
    {
        "model": "applications.applicationstatus",
        "pk": 3,
        "fields": {
            "status": "draft",
            "application": 3,
            "user": null,
            "timestamp": "2021-03-11T06:20:53.232Z"
        }
    },
    {
        "model": "applications.applicationeventstatus",
        "pk": 1,
        "fields": {
            "status": "created",
            "application_event": 1,
            "user": null,
            "timestamp": "2021-03-11T06:20:53.235Z"
        }
    },
    {
        "model": "applications.applicationeventstatus",
        "pk": 2,
        "fields": {
            "status": "created",
            "application_event": 2,
            "user": null,
            "timestamp": "2021-03-11T06:20:53.237Z"
        }
    },
    {
        "model": "applications.applicationeventstatus",
        "pk": 3,
        "fields": {
            "status": "created",
            "application_event": 3,
            "user": null,
            "timestamp": "2021-03-11T06:20:53.238Z"
        }
    },
    {
        "model": "applications.application",
        "pk": 1,
        "fields": {
            "applicant_type": null,
            "organisation": 1,
            "contact_person": 2,
            "user": null,
            "application_round": 1,
            "billing_address": null,
            "cached_latest_status": "draft",
            "home_city": null,
            "created_date": "2021-03-11T00:00:00Z",
            "last_modified_date": "2021-03-11T00:00:00Z"
        }
    },
    {
        "model": "applications.application",
        "pk": 2,
        "fields": {
            "applicant_type": null,
            "organisation": 2,
            "contact_person": 1,
            "user": null,
            "application_round": 1,
            "billing_address": null,
            "cached_latest_status": "draft",
            "home_city": null,
            "created_date": "2021-03-11T00:00:00Z",
            "last_modified_date": "2021-03-11T00:00:00Z"
        }
    },
    {
        "model": "applications.application",
        "pk": 3,
        "fields": {
            "applicant_type": null,
            "organisation": 3,
            "contact_person": 3,
            "user": null,
            "application_round": 1,
            "billing_address": null,
            "cached_latest_status": "draft",
            "home_city": null,
            "created_date": "2021-03-11T00:00:00Z",
            "last_modified_date": "2021-03-11T00:00:00Z"
        }
    },
    {
        "model": "applications.applicationevent",
        "pk": 1,
        "fields": {
            "name": "Treenivuorot",
            "name_fi": "Treenivuorot",
            "name_en": null,
            "name_sv": null,
            "num_persons": 20,
            "age_group": 1,
            "ability_group": 1,
            "min_duration": "01:00:00",
            "max_duration": "02:00:00",
            "events_per_week": 1,
            "biweekly": false,
            "begin": "2021-01-01",
            "end": "2021-06-01",
            "application": 1,
            "district": 1,
            "purpose": 1,
            "uuid": "27731c95-a6ab-4af1-bec2-aacbced6c78b",
            "declined_reservation_units": []
        }
    },
    {
        "model": "applications.applicationevent",
        "pk": 2,
        "fields": {
            "name": "Trampoliinivuoro",
            "name_fi": "Trampoliinivuoro",
            "name_en": null,
            "name_sv": null,
            "num_persons": 30,
            "age_group": 1,
            "ability_group": 1,
            "min_duration": "01:00:00",
            "max_duration": "02:00:00",
            "events_per_week": 1,
            "biweekly": false,
            "begin": "2021-01-01",
            "end": "2021-06-01",
            "application": 2,
            "district": 1,
            "purpose": 1,
            "uuid": "983cb0d8-7fce-449c-aebf-2a25a12d1c2b",
            "declined_reservation_units": []
        }
    },
    {
        "model": "applications.applicationevent",
        "pk": 3,
        "fields": {
            "name": "Viikkomatti",
            "name_fi": "Viikkomatti",
            "name_en": null,
            "name_sv": null,
            "num_persons": 120,
            "age_group": 1,
            "ability_group": 1,
            "min_duration": "01:00:00",
            "max_duration": "02:00:00",
            "events_per_week": 1,
            "biweekly": false,
            "begin": "2021-01-01",
            "end": "2021-06-01",
            "application": 3,
            "district": 1,
            "purpose": 1,
            "uuid": "e665f8b1-ec52-4c60-95cb-821852e6dfe2",
            "declined_reservation_units": []
        }
    },
    {
        "model": "applications.applicationeventschedule",
        "pk": 1,
        "fields": {
            "day": 3,
            "begin": "15:00:00",
            "end": "18:00:00",
            "priority": 200,
            "application_event": 1
        }
    },
    {
        "model": "applications.applicationeventschedule",
        "pk": 2,
        "fields": {
            "day": 3,
            "begin": "15:00:00",
            "end": "18:00:00",
            "priority": 200,
            "application_event": 2
        }
    },
    {
        "model": "applications.applicationeventschedule",
        "pk": 3,
        "fields": {
            "day": 3,
            "begin": "15:00:00",
            "end": "18:00:00",
            "priority": 200,
            "application_event": 3
        }
    },
    {
        "model": "applications.applicationeventscheduleresult",
        "pk": 3,
        "fields": {
            "accepted": false,
            "declined": false,
            "allocated_reservation_unit": 3,
            "allocated_duration": "02:00:00",
            "allocated_day": 3,
            "allocated_begin": "15:00:00",
            "allocated_end": "18:00:00",
            "basket": 1
        }
    }
]
